timestamp_ms,bid0_price,bid0_size,bid0_orders,bid1_price,bid1_size,bid1_orders,bid2_price,bid2_size,bid2_orders,bid3_price,bid3_size,bid3_orders,bid4_price,bid4_size,bid4_orders,bid5_price,bid5_size,bid5_orders,bid6_price,bid6_size,bid6_orders,bid7_price,bid7_size,bid7_orders,bid8_price,bid8_size,bid8_orders,bid9_price,bid9_size,bid9_orders,bid10_price,bid10_size,bid10_orders,bid11_price,bid11_size,bid11_orders,bid12_price,bid12_size,bid12_orders,bid13_price,bid13_size,bid13_orders,bid14_price,bid14_size,bid14_orders,bid15_price,bid15_size,bid15_orders,bid16_price,bid16_size,bid16_orders,bid17_price,bid17_size,bid17_orders,bid18_price,bid18_size,bid18_orders,bid19_price,bid19_size,bid19_orders,bid20_price,bid20_size,bid20_orders,bid21_price,bid21_size,bid21_orders,bid22_price,bid22_size,bid22_orders,bid23_price,bid23_size,bid23_orders,bid24_price,bid24_size,bid24_orders,ask0_price,ask0_size,ask0_orders,ask1_price,ask1_size,ask1_orders,ask2_price,ask2_size,ask2_orders,ask3_price,ask3_size,ask3_orders,ask4_price,ask4_size,ask4_orders,ask5_price,ask5_size,ask5_orders,ask6_price,ask6_size,ask6_orders,ask7_price,ask7_size,ask7_orders,ask8_price,ask8_size,ask8_orders,ask9_price,ask9_size,ask9_orders,ask10_price,ask10_size,ask10_orders,ask11_price,ask11_size,ask11_orders,ask12_price,ask12_size,ask12_orders,ask13_price,ask13_size,ask13_orders,ask14_price,ask14_size,ask14_orders,ask15_price,ask15_size,ask15_orders,ask16_price,ask16_size,ask16_orders,ask17_price,ask17_size,ask17_orders,ask18_price,ask18_size,ask18_orders,ask19_price,ask19_size,ask19_orders,ask20_price,ask20_size,ask20_orders,ask21_price,ask21_size,ask21_orders,ask22_price,ask22_size,ask22_orders,ask23_price,ask23_size,ask23_orders,ask24_price,ask24_size,ask24_orders,bid_vol_total,ask_vol_total,imbalance,spread,mid_price
1785197572654,63607.8,1709.84,46,63607.7,0.02,2,63606.5,0.01,1,63606.4,0.02,2,63606.3,0.01,1,63606.2,0.31,1,63606.1,0.01,1,63606,1.12,4,63605.9,85.04,4,63605.8,31.15,1,63605.7,0.01,1,63605.6,1.33,3,63605.5,0.02,2,63605.3,23.92,4,63605.2,3.91,2,63605.1,150.03,4,63605,2.34,4,63604.9,0.01,1,63604.5,0.01,1,63604.2,0.01,1,63604,0.01,1,63603.9,150,1,63603.8,0.33,3,63603.6,0.01,1,63603.4,0.01,1,63607.9,339.69,23,63608,0.04,2,63609.4,0.02,2,63609.6,0.02,2,63610,0.01,1,63610.5,0.07,4,63610.6,53.16,2,63610.7,0.02,2,63610.8,165.8,3,63611,0.01,1,63611.3,0.01,1,63611.4,0.02,2,63611.5,0.01,1,63611.6,0.01,1,63612,0.03,1,63612.1,0.01,1,63612.3,0.01,1,63612.4,0.01,1,63612.7,0.02,2,63612.8,13.96,4,63613,0.01,1,63613.1,0.01,1,63613.2,117.96,3,63613.3,178.32,2,63613.6,24.07,1,2159.48,893.3,0.4148,0.1,63607.9
1785197602954,63579.2,385.73,15,63579.1,0.01,1,63578.5,0.02,2,63578.2,0.01,1,63578.1,0.01,1,63577.8,0.01,1,63577.7,0.01,1,63577.6,0.02,2,63577.5,1,1,63577.2,0.02,2,63576.9,0.01,1,63576.5,0.02,2,63576.4,173.5,1,63576.3,0.01,1,63576.1,0.01,1,63576,0.02,1,63575.5,0.01,1,63575.4,0.02,2,63575,0.01,1,63574.9,0.01,1,63574.7,0.32,1,63574.5,0.02,2,63574.4,0.33,2,63574.3,0.03,3,63574.2,2,1,63579.3,1929.31,88,63579.4,0.03,2,63579.7,0.01,1,63579.8,254.65,2,63579.9,0.01,1,63580,157.44,3,63580.1,8.01,2,63580.4,0.01,1,63580.5,7.32,3,63580.8,0.03,3,63581.1,0.01,1,63581.2,8.02,3,63581.3,0.01,1,63581.4,16.06,4,63581.9,0.09,2,63582,235.12,2,63582.1,158,2,63582.2,0.02,2,63582.3,0.01,1,63582.5,0.01,1,63582.6,21.79,2,63582.7,0.01,1,63582.9,0.01,1,63583,157.42,1,63583.2,0.01,1,563.16,2953.41,-0.6797,0.1,63579.2
1785197633254,63569.8,239.99,12,63569.7,0.01,1,63568.9,1.21,1,63568.8,0.02,2,63568.4,0.01,1,63568.3,0.2,2,63568.2,0.01,1,63568,0.02,2,63567.9,0.01,1,63567.7,0.01,1,63567.5,0.01,1,63567.4,0.02,1,63567.2,0.01,1,63567.1,0.02,2,63567,164.91,2,63566.9,0.01,1,63566.4,0.01,1,63565.9,0.02,2,63565.8,0.01,1,63565.4,0.01,1,63565.2,0.01,1,63565.1,0.01,1,63565,0.02,2,63564.9,177.37,2,63564.8,151.9,4,63569.9,1250.87,71,63570,0.01,1,63570.1,0.02,1,63570.2,93.76,3,63570.3,21.8,3,63570.7,0.03,2,63570.8,88.32,1,63570.9,0.01,1,63571,1.01,2,63571.1,134.91,13,63571.2,0.02,2,63571.4,0.01,1,63571.7,0.01,1,63571.8,15.44,1,63572,0.01,1,63572.4,0.01,1,63572.6,0.01,1,63572.7,0.32,1,63573.2,0.01,1,63573.3,0.01,1,63573.5,0.01,1,63573.6,51,1,63573.7,15.77,3,63573.8,0.02,1,63574,0.01,1,735.83,1673.4,-0.3892,0.1,63569.9
1785197663604,63614.7,573.4,27,63614.6,0.01,1,63614.4,1.03,2,63613.4,0.01,1,63613.2,0.01,1,63612.8,0.02,2,63612.6,0.04,3,63612.5,120.05,4,63612.2,0.33,2,63612,0.04,3,63611.9,168.88,2,63611.6,0.01,1,63611.5,0.32,1,63611.4,0.01,1,63611.2,0.35,3,63611.1,96.18,1,63611,0.01,1,63610.9,0.32,1,63610.8,0.01,1,63610.7,0.01,1,63610.6,0.32,1,63610.4,0.02,2,63610.3,0.32,1,63610.2,0.01,1,63610,0.33,2,63614.8,114.92,17,63614.9,0.01,1,63615.6,0.01,1,63615.9,0.01,1,63616,0.13,7,63616.2,0.01,1,63616.3,0.02,2,63616.5,0.01,1,63616.7,0.05,2,63617.1,6.31,4,63617.2,149.28,2,63617.3,175.95,2,63617.4,0.09,5,63617.5,235.11,1,63617.6,0.01,1,63617.7,0.01,1,63617.8,0.01,1,63617.9,0.02,2,63618,13.91,4,63618.1,48,1,63618.3,0.01,1,63618.7,0.01,1,63618.9,12.02,4,63619.2,12.63,5,63619.3,304.57,2,962.04,1073.11,-0.0546,0.1,63614.8
1785197693904,63640.9,762.17,36,63640.8,33.24,2,63640.4,1,1,63639.6,0.01,1,63639.5,0.03,2,63639.4,15.45,2,63638.7,0.04,3,63638.6,94.74,1,63638.5,1.12,3,63638.4,0.01,1,63638.3,0.01,1,63638.2,0.02,2,63638,0.02,1,63637.9,19.75,1,63637.6,0.01,1,63637.3,19.75,1,63637.2,0.02,2,63637,0.01,1,63636.7,0.01,1,63636.6,55.14,2,63636.5,151.87,1,63636.4,0.08,3,63636.3,23.28,6,63636,0.03,1,63635.8,0.01,1,63641,506.12,18,63641.1,165.84,3,63641.6,0.02,2,63642,0.02,2,63642.1,2.6,1,63642.2,0.03,2,63642.3,0.01,1,63642.5,0.01,1,63642.6,4.51,1,63642.7,0.01,1,63643,0.01,1,63643.1,15.54,2,63643.3,0.01,1,63643.5,6.28,2,63643.6,164.95,2,63643.8,0.04,3,63643.9,0.02,2,63644,1.06,2,63644.1,37.41,4,63644.3,0.07,3,63644.4,0.01,1,63644.5,15.72,2,63644.6,165.43,3,63644.7,15.96,1,63644.8,204.7,4,1177.82,1306.38,-0.0518,0.1,63640.9
1785197724204,63652,286.55,22,63651.9,0.01,1,63651.5,0.01,1,63651.4,1.71,2,63651.3,87.08,4,63651.2,0.02,2,63650.6,0.01,1,63650.5,0.01,1,63650.4,0.02,2,63650.3,0.01,1,63650.2,0.15,2,63650.1,0.02,2,63650,1.82,6,63649.8,0.01,1,63649.7,3.93,1,63649.6,112.37,1,63649.5,159.78,3,63649.4,0.01,1,63649.2,0.03,3,63649.1,1.01,2,63649,49.28,3,63648.9,0.01,1,63648.8,153.87,3,63648.7,0.59,3,63648.6,0.01,1,63652.1,693.14,25,63652.2,0.01,1,63652.3,0.01,1,63652.8,0.01,1,63653,0.01,1,63653.6,0.02,2,63654.2,0.01,1,63654.3,0.03,2,63654.4,101,4,63654.5,0.01,1,63654.7,0.02,1,63654.8,173.11,2,63655.1,0.04,2,63655.2,0.73,4,63655.3,14.01,1,63655.4,0.01,1,63655.9,0.01,1,63656.3,0.02,2,63656.4,2.5,1,63656.5,0.01,1,63656.6,0.01,1,63656.7,5.66,2,63657.1,0.01,1,63657.2,0.01,1,63657.3,161.01,1,858.32,1151.41,-0.1458,0.1,63652.1
1785197754504,63675.9,1482.33,49,63675.8,329.1,2,63674.9,1,1,63674.6,0.02,1,63674.5,147.18,2,63674.4,153.09,3,63674.3,0.02,1,63674.2,34.5,1,63674,141.43,2,63673.9,324.04,6,63673.6,0.02,2,63673.3,0.01,1,63673.2,0.01,1,63672.7,263.53,2,63672.6,181.87,6,63672.5,20,1,63672.4,0.01,1,63672.3,28,2,63672,0.04,2,63671.8,0.02,2,63671.4,0.01,1,63671.2,0.31,1,63671.1,0.01,1,63671,0.01,1,63670.9,39.69,3,63676,458.71,16,63676.1,0.01,1,63676.4,0.01,1,63676.5,3.53,1,63676.6,0.14,1,63676.7,0.02,2,63676.8,72.62,6,63677.1,0.01,1,63677.2,0.01,1,63677.3,16,1,63677.4,12,2,63677.5,0.37,1,63677.7,100.02,3,63677.8,0.01,1,63678.2,0.4,1,63678.3,0.01,1,63678.4,0.01,1,63678.5,1.02,3,63678.6,1.01,2,63678.9,0.01,1,63679.1,0.01,1,63679.3,2.3,1,63679.5,0.02,2,63679.6,0.01,1,63679.7,14.01,1,3146.25,682.27,0.6436,0.1,63675.9
1785197784804,63679.8,369.43,14,63679.7,0.02,2,63679.4,0.01,1,63679.1,0.39,1,63679,0.02,2,63678.5,0.01,1,63678.1,0.02,2,63678,1,1,63677.9,0.02,2,63677.8,4.13,1,63677.7,0.01,1,63677.6,197.62,2,63677.5,165.57,5,63677.2,0.01,1,63677,157.42,1,63676.9,235.11,1,63676.8,24.53,7,63676.7,24.23,6,63676.6,0.15,2,63676.4,0.01,1,63676.3,0.08,2,63676.1,0.02,1,63676,17.89,5,63675.8,0.38,3,63675.7,0.03,3,63679.9,1407.43,79,63680,0.03,3,63681.2,0.01,1,63681.4,0.02,1,63681.5,3.71,2,63681.6,12.27,8,63682,0.01,1,63682.3,0.01,1,63682.6,0.01,1,63682.9,0.01,1,63683.1,0.02,2,63683.2,0.02,2,63683.4,0.01,1,63683.5,0.98,1,63683.7,0.01,1,63683.8,0.01,1,63684,0.05,3,63684.3,0.01,1,63684.7,0.01,1,63684.9,0.01,1,63685.1,0.32,1,63685.3,0.03,2,63685.4,12.32,3,63685.5,0.01,1,63685.6,0.01,1,1198.11,1437.33,-0.0908,0.1,63679.9
1785197815104,63676.9,205.04,9,63676.8,20.81,6,63676.7,1.84,12,63676.6,0.14,1,63676.3,0.08,2,63676.1,0.02,2,63676,17.88,4,63675.8,0.16,4,63675.7,25.02,3,63675.6,0.03,3,63675.3,151.71,3,63675.1,0.01,1,63675,1.99,9,63674.9,0.01,1,63674.7,0.01,1,63674.6,0.01,1,63674.3,0.01,1,63674.2,0.07,2,63674,0.19,1,63673.8,0.01,1,63673.7,0.02,2,63673.6,0.03,3,63673.5,107.51,2,63673.3,21.09,2,63673.2,0.01,1,63677,1411,71,63677.1,0.01,1,63677.7,0.02,1,63677.8,307.32,3,63677.9,151.02,3,63678,8.33,3,63678.3,0.01,1,63679.1,4.72,1,63679.5,0.01,1,63680,0.03,3,63680.1,0.01,1,63681.7,0.01,1,63681.8,15.76,2,63681.9,0.01,1,63682,2.82,1,63682.1,0.01,1,63682.2,288.96,2,63682.3,41.67,4,63682.4,170.01,3,63682.5,200.34,13,63682.6,43.45,4,63682.7,0.3,1,63683.1,20,1,63683.2,0.02,2,63683.9,0.01,1,553.7,2665.85,-0.656,0.1,63676.9
1785209914759,63292.8,15.8,8,63292.7,0.02,2,63292.5,0.01,1,63292.3,0.01,1,63291.8,0.01,1,63290.9,0.01,1,63290.7,0.2,2,63290.6,0.09,1,63290.5,0.01,1,63290.3,0.02,2,63290.2,1.85,2,63290,0.36,2,63289.6,0.02,2,63289.5,0.01,1,63289.1,0.07,1,63289,0.03,3,63288.9,0.01,1,63288.6,0.01,1,63288.5,0.01,1,63288.4,0.02,2,63288.3,12.68,4,63288.2,116.71,1,63288.1,0.01,1,63288,0.05,3,63287.9,0.01,1,63292.9,1702.78,55,63293,0.02,2,63293.3,0.02,1,63293.4,151.89,2,63293.5,222.74,1,63293.7,0.34,2,63293.8,102.83,3,63293.9,0.01,1,63294,95.28,1,63294.1,0.01,1,63294.2,0.01,1,63294.3,0.01,1,63294.4,150.01,2,63294.5,12.21,4,63294.7,0.01,1,63295,4.28,2,63295.1,150.01,2,63295.2,24.03,4,63295.6,0.01,1,63295.8,0.34,3,63295.9,150,1,63296,0.12,4,63296.1,0.01,1,63296.4,0.02,2,63296.5,0.01,1,148.03,2767.0,-0.8984,0.1,63292.9
1785209945009,63301.5,1336.04,92,63301.4,0.01,1,63301.1,0.33,2,63300.8,0.32,1,63300.6,0.79,2,63300.5,0.33,2,63300.2,0.33,2,63300,0.01,1,63299.9,0.34,3,63299.8,87.33,3,63299.6,0.33,2,63299.5,127.18,4,63299.4,112.64,2,63299.3,0.45,6,63299.2,0.04,4,63299.1,156.06,3,63299,1.17,1,63298.9,0.01,1,63298.8,0.76,2,63298.7,4.08,1,63298.3,2,2,63298.2,0.03,3,63298.1,12,2,63298,0.01,1,63297.9,0.01,1,63301.6,34.92,13,63301.7,0.04,4,63302.4,0.02,2,63302.7,0.01,1,63302.8,2.6,1,63302.9,0.01,1,63303,1.26,1,63303.1,0.01,1,63303.7,0.02,2,63303.9,0.02,2,63304,0.02,2,63304.2,0.1,2,63304.5,0.01,1,63304.7,0.01,1,63304.8,0.04,1,63305,0.02,2,63305.2,0.03,3,63305.3,21.79,1,63305.5,0.01,1,63305.6,0.02,2,63305.9,0.01,1,63306,0.04,2,63306.4,0.03,3,63306.5,2.42,2,63306.6,0.01,1,1842.6,63.47,0.9334,0.1,63301.6
1785209975306,63305.1,26.39,19,63305,0.01,1,63304.2,0.01,1,63303.6,0.02,2,63303.5,0.02,2,63303.4,79.6,1,63303.3,1,1,63302.9,0.02,2,63302.8,14.2,3,63302.7,0.01,1,63302.4,0.01,1,63302.3,0.01,1,63302.1,0.01,1,63301.9,0.02,2,63301.7,0.02,2,63301.6,14.36,5,63301.5,25.44,8,63301.3,0.01,1,63301.1,16,2,63300.9,12.65,2,63300.8,3.95,1,63300.7,112.43,2,63300.6,0.79,2,63300.4,0.18,3,63300.2,6.67,3,63305.2,766.66,27,63305.3,0.02,2,63305.4,0.01,1,63305.6,0.02,2,63305.7,0.32,1,63305.9,0.01,1,63306,0.01,1,63306.1,0.01,1,63306.5,0.01,1,63306.6,0.78,1,63306.7,0.33,2,63306.8,0.03,3,63306.9,120.15,4,63307,16.47,1,63307.1,0.34,3,63307.2,1.58,2,63307.3,0.16,3,63307.4,119.3,2,63307.5,0.02,2,63307.7,0.01,1,63307.8,0.32,1,63308,0.3,4,63308.1,5.33,2,63308.3,0.02,2,63308.4,1.34,3,313.83,1033.55,-0.5342,0.1,63305.1
1785210005606,63304.6,1.13,1,63304.2,74.4,1,63304.1,11.22,4,63304,717.43,40,63303.9,0.01,1,63303.7,0.01,1,63303.6,26.81,5,63303.5,35.8,3,63303.4,24.99,2,63303.3,0.32,1,63303.1,20.01,2,63303,20.1,2,63302.9,0.01,1,63302.8,14.2,3,63302.7,0.33,2,63302.6,78.98,1,63302.5,173.97,4,63302.4,297.24,4,63302.3,0.01,1,63302.2,1,1,63302.1,0.32,1,63301.9,0.03,3,63301.8,113.45,2,63301.6,0.02,2,63301.5,13.24,2,63304.7,0.01,1,63304.8,0.06,1,63305,0.23,3,63305.2,0.15,1,63305.5,0.02,2,63305.6,7.71,4,63305.8,0.02,2,63305.9,1.59,4,63306,0.02,2,63306.2,0.01,1,63306.5,0.01,1,63306.8,0.01,1,63306.9,0.16,3,63307,29.23,2,63307.1,0.02,2,63307.2,1.59,3,63307.5,0.03,3,63307.6,2.12,2,63307.7,4.66,4,63308,0.3,4,63308.1,0.99,1,63308.3,0.02,2,63308.4,1,1,63308.5,0.09,1,63308.8,1.02,4,1625.03,51.07,0.9391,0.1,63304.6
1785210035856,63327.6,671.85,22,63327.5,0.01,1,63327.4,0.02,1,63327.3,7.05,2,63327,0.01,1,63326.6,0.01,1,63326.5,1,1,63326.4,0.03,2,63326.3,85.58,2,63326.1,0.33,2,63325.9,0.01,1,63325.8,0.04,3,63325.7,0.01,1,63325.5,85.44,5,63325.4,109.77,3,63325.3,0.32,1,63325.1,0.01,1,63325,0.02,2,63324.9,150.32,3,63324.8,0.33,3,63324.7,0.01,1,63324.6,163.63,2,63324.5,0.02,2,63324.4,13.71,1,63324.3,0.01,1,63327.7,256.51,17,63327.8,0.01,1,63328,0.02,2,63328.8,0.79,2,63328.9,139.5,3,63329,150.01,2,63329.1,0.01,1,63329.5,0.01,1,63329.6,0.01,1,63329.7,150,1,63329.8,0.02,2,63329.9,0.01,1,63330,147.73,6,63330.1,1.36,2,63330.2,0.4,10,63330.3,0.03,3,63330.4,0.63,5,63330.5,0.95,3,63330.6,0.06,5,63330.7,0.09,4,63330.8,0.02,2,63330.9,0.01,1,63331,10.02,3,63331.1,0.05,1,63331.2,0.04,3,1289.54,858.29,0.2008,0.1,63327.6
1785210066106,63322,331.24,12,63321.9,0.01,1,63321.6,0.02,2,63321.4,0.01,1,63321.3,0.38,2,63320.9,0.02,1,63320.8,0.01,1,63320.6,0.02,2,63320.5,20.27,3,63320.4,0.02,2,63320.3,0.01,1,63320.2,6.49,4,63320.1,20.15,3,63320,6.01,1,63319.9,73.79,1,63319.8,120.15,1,63319.5,0.02,2,63319.4,0.04,4,63319.3,0.01,1,63319.2,0.8,3,63319.1,2.98,3,63318.9,16.05,1,63318.8,0.01,1,63318.7,12,2,63318.6,78.97,2,63322.1,1356.8,46,63322.2,0.16,2,63322.7,0.32,1,63323.1,0.33,2,63323.2,55.04,3,63323.3,0.01,1,63323.4,13.47,2,63323.7,0.01,1,63323.8,93.4,3,63323.9,1,1,63324.2,0.01,1,63324.3,0.01,1,63324.8,0.03,3,63325.1,0.02,2,63325.2,0.79,2,63325.4,0.01,1,63325.6,0.01,1,63325.7,188.28,1,63325.8,0.02,2,63325.9,104.07,2,63326,150.02,3,63326.1,20.58,7,63326.3,150,1,63326.6,51.65,3,63326.7,14.22,2,689.48,2200.26,-0.5228,0.1,63322.1
1785210096356,63326.1,483.75,13,63326,3.18,4,63325.8,0.01,1,63325.2,0.02,1,63325.1,16.15,3,63325,0.32,1,63324.8,0.02,2,63324.7,0.02,2,63324.6,145.91,4,63324.2,0.32,1,63324.1,0.02,2,63324,107.44,5,63323.9,0.32,1,63323.7,0.02,2,63323.6,6.16,5,63323.5,18.53,3,63323.4,0.01,1,63323.3,0.32,1,63323.2,0.02,2,63323,0.01,1,63322.9,13.71,1,63322.8,0.32,1,63322.7,0.33,3,63322.6,0.32,2,63322.5,0.01,1,63326.2,429.97,45,63326.3,0.02,2,63326.4,48.65,1,63326.5,0.32,1,63326.6,1,1,63326.8,0.03,3,63326.9,150.21,5,63327,10.43,3,63327.1,1.11,6,63327.7,0.01,1,63328,0.03,3,63328.3,0.01,1,63328.5,0.02,2,63328.7,0.01,1,63328.8,5.28,1,63329.1,0.01,1,63329.2,0.01,1,63329.3,9.7,2,63329.4,24.33,2,63329.7,0.01,1,63329.9,0.1,2,63330,0.02,2,63330.1,0.01,1,63330.3,0.33,2,63330.5,0.01,1,797.24,681.63,0.0782,0.1,63326.1
1785210126606,63320.1,444.16,17,63320,7.61,4,63319.6,0.32,1,63319.4,0.04,4,63319.3,0.01,1,63319.2,0.01,1,63319.1,0.01,1,63319,0.32,1,63318.7,0.32,1,63318.6,6.51,6,63318.5,33.93,3,63318.4,113.91,5,63318.3,141.7,2,63318.1,0.32,1,63318,0.01,1,63317.7,0.34,3,63317.5,0.01,1,63317.4,0.33,2,63317.2,0.19,1,63317.1,0.33,2,63317,0.02,2,63316.9,15.54,4,63316.8,4.42,4,63316.6,0.01,1,63316.5,0.01,1,63320.2,277.39,28,63320.3,0.01,1,63320.5,0.02,1,63320.6,109.9,2,63320.7,151.02,3,63320.8,50.15,6,63320.9,150,1,63321,0.78,1,63321.3,0.01,1,63321.6,0.02,2,63321.7,0.01,1,63321.9,1.56,1,63322.3,0.02,2,63322.8,0.01,1,63323.2,0.02,2,63323.3,0.32,1,63323.5,0.01,1,63324,0.03,1,63324.1,0.03,3,63324.3,0.32,1,63324.7,7.92,3,63324.8,6.5,5,63324.9,135.67,3,63325,161.93,5,63325.1,0.37,8,770.38,1054.02,-0.1555,0.1,63320.1
1785210156856,63321.3,718.79,41,63321.2,82.93,4,63321.1,20.01,2,63321,23.31,4,63320.9,20.36,5,63320.8,113.58,2,63320.7,0.32,2,63320.6,145.35,3,63320.5,158.24,2,63320.4,1.18,2,63320.3,0.42,3,63320.2,2.66,3,63320.1,2.48,3,63320,61.1,5,63319.7,0.32,1,63319.6,0.01,1,63319.4,0.36,5,63319.3,0.01,1,63319.2,0.02,2,63319.1,0.33,2,63319,6.78,1,63318.6,159.25,4,63318.4,0.02,2,63318.1,1.96,2,63318,0.04,2,63321.4,43.29,10,63321.5,0.02,2,63321.6,0.01,1,63322.7,0.01,1,63322.9,0.01,1,63323.2,0.01,1,63323.5,0.03,2,63323.6,150.04,4,63323.7,3.18,3,63324.1,0.01,1,63324.4,0.03,2,63324.5,152.25,4,63324.6,26.78,3,63324.7,0.14,2,63324.8,0.01,1,63325,0.01,1,63325.1,0.01,1,63325.2,0.02,2,63325.7,1.93,1,63325.8,0.01,1,63325.9,0.01,1,63326,51.04,2,63326.1,150.01,2,63326.2,6.31,2,63326.3,1.93,1,1519.83,587.1,0.4427,0.1,63321.4
1785219409553,63405.5,535.78,27,63405.4,0.05,3,63405.3,3.96,2,63405.2,280.93,2,63404.9,0.32,1,63404.8,0.03,3,63404.6,0.01,1,63404.5,0.32,1,63404.2,1.53,4,63404.1,157.9,3,63404,1.05,5,63403.9,152.19,2,63403.7,0.01,1,63403.6,0.41,2,63403.3,0.33,2,63403.2,0.79,2,63403,0.32,1,63402.9,0.01,1,63402.7,0.32,1,63402.6,0.34,2,63402.5,0.02,2,63402.4,0.02,2,63402.3,13.53,2,63402.2,2.61,2,63402,1.04,3,63405.6,170.59,15,63405.7,0.15,2,63406,0.01,1,63406.2,0.09,1,63406.9,0.01,1,63407.1,0.01,1,63407.4,0.01,1,63407.5,124.21,1,63407.7,0.01,1,63407.8,0.01,1,63408,0.03,3,63408.3,0.21,2,63408.7,0.01,1,63408.9,0.02,2,63409,1.01,2,63409.1,0.01,1,63409.2,0.79,2,63409.3,12.8,4,63409.4,132.36,2,63409.6,0.01,1,63409.9,0.01,1,63410,4.01,2,63410.1,0.01,1,63410.3,0.01,1,63410.5,0.01,1,1153.82,446.4,0.4421,0.1,63405.6
1785219439853,63402,497.15,18,63401.9,3.17,3,63401.8,0.32,1,63401.6,0.02,2,63401.5,0.01,1,63401.4,0.01,1,63401.3,0.03,2,63401.2,7.33,2,63401,0.02,2,63400.9,1.19,1,63400.8,0.32,1,63400.7,0.01,1,63400.4,0.02,2,63400.3,3.96,3,63400.2,135.66,2,63400.1,134.22,3,63400,55.06,5,63399.9,0.02,2,63399.8,0.32,1,63399.7,0.1,2,63399.6,0.01,1,63399.5,0.01,1,63399.4,0.32,1,63399.3,0.15,2,63399.2,151.88,2,63402.1,798.91,30,63402.2,0.01,1,63402.3,0.01,1,63402.4,4.32,3,63402.6,0.78,1,63402.9,0.01,1,63403,101.32,1,63403.1,0.02,1,63403.4,0.01,1,63403.6,0.01,1,63403.7,0.02,1,63404,0.02,2,63404.1,1.06,5,63404.3,0.01,1,63404.8,0.03,3,63405,0.02,2,63405.1,4.01,2,63405.2,15.68,3,63405.4,0.01,1,63405.5,0.01,1,63405.6,6.62,3,63405.8,0.01,1,63405.9,20,1,63406,0.01,1,63406.2,0.1,2,991.31,953.01,0.0197,0.1,63402.1
1785219470153,63419.4,253.67,18,63419.3,3.17,3,63419.1,0.26,1,63418.1,0.01,1,63418,0.02,2,63417.9,0.04,3,63417.8,67.92,2,63417.6,0.01,1,63417.1,0.04,1,63417,0.01,1,63416.7,0.01,1,63416.6,0.01,1,63416.3,0.04,3,63416.2,2,2,63416.1,0.02,2,63416,0.01,1,63415.9,0.04,3,63415.8,81.27,3,63415.5,0.02,2,63415.4,139.77,1,63415.1,0.03,3,63415,151.87,1,63414.7,0.01,1,63414.5,0.32,1,63414.4,0.04,4,63419.5,1300.47,44,63419.6,20.02,3,63419.7,20,1,63419.9,0.32,1,63420,0.01,1,63420.2,0.32,1,63420.5,0.32,1,63420.8,0.35,4,63421,0.01,1,63421.1,0.32,1,63421.6,0.01,1,63421.7,0.09,2,63422,0.01,1,63422.1,0.01,1,63422.2,20.02,3,63422.3,6.31,1,63422.5,20,1,63422.6,6.47,3,63422.7,142.51,2,63422.8,150,1,63422.9,164,6,63423,13.03,4,63423.1,1,1,63423.2,92.23,1,63423.4,0.01,1,700.61,1957.84,-0.4729,0.1,63419.4
1785219500503,63413.3,1215.86,66,63413.2,0.01,1,63413,0.32,1,63412.9,0.01,1,63412.8,32.14,2,63412.7,107.47,1,63412.6,0.32,1,63412.1,0.41,2,63412,0.02,2,63411.8,0.33,2,63411.4,0.32,1,63411.2,0.03,3,63411.1,0.33,2,63410.8,0.32,1,63410.7,0.01,1,63410.6,12.79,5,63410.5,164.46,2,63410.4,152.97,3,63410.3,0.02,1,63410.2,0.02,2,63410.1,2.32,3,63410,0.02,2,63409.9,150.01,2,63409.8,13.98,4,63409.7,0.01,1,63413.4,306.64,20,63413.5,0.14,2,63414,0.04,2,63414.4,0.02,2,63414.9,0.01,1,63415.3,0.03,3,63415.4,158.49,2,63415.7,0.02,2,63415.8,20.03,4,63415.9,20,1,63416,0.01,1,63416.1,0.01,1,63416.2,0.02,2,63416.3,20.01,2,63416.4,0.8,3,63417,0.01,1,63417.1,0.09,1,63417.2,0.2,2,63417.3,0.02,2,63417.4,138.49,1,63417.6,0.02,2,63417.8,0.32,1,63417.9,0.01,1,63418,0.01,1,63418.1,0.01,1,1854.5,665.45,0.4719,0.1,63413.4
1785219530803,63414.9,559.86,29,63414.8,0.01,1,63414.7,0.01,1,63414.5,0.02,2,63414.4,6.73,9,63414.3,640.19,5,63414.2,1536.48,2,63414.1,0.03,2,63414,15.8,3,63413.7,0.32,1,63413.6,0.01,1,63413.3,0.33,2,63413,0.01,1,63412.9,0.32,1,63412.8,0.01,1,63412.6,0.01,1,63412.5,0.14,1,63412.2,0.02,2,63412.1,12.72,3,63412,49.72,4,63411.9,1.2,1,63411.8,0.02,2,63411.7,13.59,1,63411.6,0.01,1,63411.3,1.7,1,63415,169.62,17,63415.1,0.01,1,63415.2,0.78,1,63415.6,0.01,1,63416,0.01,1,63416.3,0.01,1,63416.5,0.01,1,63416.7,0.03,2,63416.8,20.03,3,63416.9,20.03,3,63417,20.03,4,63417.1,20,1,63417.6,0.03,3,63417.7,0.01,1,63417.8,20,1,63417.9,0.01,1,63418,0.02,2,63418.2,150,1,63418.3,0.01,1,63418.9,0.01,1,63419.1,0.01,1,63419.3,0.01,1,63419.4,0.01,1,63419.6,138.83,2,63419.7,54.38,2,2839.26,613.9,0.6444,0.1,63414.9
1785219561103,63414.2,1582.38,15,63414.1,0.04,3,63414,15.8,3,63413.6,0.01,1,63413.5,0.32,1,63413.3,0.01,1,63413,0.33,2,63412.8,0.01,1,63412.7,0.01,1,63412.6,26.55,3,63412.5,0.14,1,63412.3,0.02,2,63412.2,19.85,3,63412.1,0.1,2,63412,49.4,3,63411.8,0.01,1,63411.6,0.01,1,63411.4,0.32,1,63411.2,0.03,3,63411.1,1.22,3,63411,2,2,63410.8,229.92,3,63410.6,15.47,2,63410.5,2.02,2,63410.4,0.02,1,63414.3,846.37,36,63414.4,20.03,4,63414.5,0.02,1,63414.6,25.14,4,63414.8,0.03,2,63414.9,264.18,4,63415,20.05,3,63415.1,5,1,63415.2,5,1,63415.3,5,1,63415.4,0.32,1,63415.6,5,1,63415.7,5.01,2,63415.8,6.02,4,63415.9,5.01,2,63416,5.01,2,63416.2,0.33,2,63416.3,5.01,2,63416.4,0.09,1,63416.5,0.01,1,63417,0.34,3,63417.3,0.32,1,63417.6,0.03,3,63417.7,4.8,1,63417.8,150,1,1945.99,1378.12,0.1708,0.1,63414.2
1785219591403,63414.2,1563.66,20,63414.1,0.01,1,63414,0.01,1,63413.6,0.01,1,63413.3,0.01,1,63413,0.01,1,63412.8,0.03,3,63412.7,12.64,3,63412.6,26.23,2,63412.5,0.16,2,63412.3,0.02,2,63412.2,19.85,3,63412.1,0.1,2,63412,49.4,3,63411.8,0.33,2,63411.6,0.01,1,63411.5,0.32,1,63411.2,0.03,3,63411.1,0.34,3,63411,13.89,1,63410.9,0.01,1,63410.8,231.12,4,63410.6,15.47,2,63410.4,0.34,2,63410.2,1.72,3,63414.3,285.05,20,63414.4,0.02,2,63414.8,0.02,1,63414.9,94.16,1,63415,0.35,3,63415.1,5.03,3,63415.2,5.79,3,63415.3,5.32,2,63415.6,5,1,63415.7,5.01,2,63415.8,5.02,3,63415.9,5.01,2,63416,5.01,2,63416.2,0.01,1,63416.3,5.01,2,63416.4,139.42,3,63416.5,0.01,1,63416.8,0.32,1,63417,0.01,1,63417.1,0.32,1,63417.4,0.32,1,63417.5,13.45,1,63417.6,0.03,3,63417.9,0.01,1,63418,0.02,2,1935.72,579.72,0.5391,0.1,63414.2
1785219621703,63430.9,338.7,13,63430.8,0.01,1,63430.4,0.03,2,63430.3,96.23,2,63430,0.01,1,63429.6,0.04,3,63429.5,120.01,2,63429.3,0.09,1,63428.8,0.01,1,63428.2,0.01,1,63428,0.02,2,63427.8,0.03,2,63427.7,18.07,4,63427.6,0.01,1,63427.5,0.01,1,63427.4,6.47,3,63427.3,140.57,3,63427.2,158.66,3,63427.1,0.03,3,63427,0.01,1,63426.9,10,1,63426.6,0.01,1,63426.4,0.02,2,63426.3,0.01,1,63426.2,10.03,4,63431,860.54,37,63431.1,0.01,1,63431.3,0.01,1,63431.4,0.01,1,63431.5,0.32,1,63431.7,1.17,2,63431.8,0.15,4,63431.9,5.01,2,63432,0.33,2,63432.1,0.01,1,63432.2,1.01,2,63432.3,0.32,1,63432.4,0.01,1,63432.6,0.22,4,63432.7,0.23,2,63432.8,0.25,3,63433,0.32,1,63433.2,0.01,1,63433.3,0.06,2,63433.4,0.32,1,63433.5,0.01,1,63433.6,0.05,4,63433.7,0.37,6,63433.8,0.01,1,63433.9,0.02,2,899.09,870.77,0.016,0.1,63430.9
1785219652003,63431.8,497.64,20,63431.7,0.01,1,63431.6,0.02,1,63431.5,139.9,2,63431.4,174.51,2,63431.1,0.03,2,63431,100.01,2,63430.9,125.87,3,63430.4,0.02,2,63430.3,0.01,1,63430,0.01,1,63429.6,0.01,1,63429.5,0.01,1,63429.4,23.66,3,63429.1,0.01,1,63428.8,0.09,1,63428.7,0.01,1,63428.6,15.74,3,63428.5,0.01,1,63428.3,0.01,1,63428.2,1.18,1,63428.1,0.03,3,63428,10.02,3,63427.8,0.01,1,63427.4,6.67,3,63431.9,527.43,18,63432,23.75,4,63432.2,1.01,2,63432.3,0.33,2,63432.4,0.01,1,63432.5,0.22,1,63432.6,0.22,4,63432.7,0.32,1,63432.8,0.24,2,63433.1,0.01,1,63433.2,0.01,1,63433.3,0.37,2,63433.5,0.01,1,63433.6,0.05,4,63433.7,0.37,6,63433.8,0.01,1,63433.9,0.02,2,63434,6.67,5,63434.1,0.33,2,63434.3,0.01,1,63434.5,0.01,1,63434.6,1.11,3,63434.8,0.06,2,63434.9,0.01,1,63435,0.05,4,1095.49,562.63,0.3214,0.1,63431.9
1785229890252,63427.4,807.37,51,63427.3,3.91,5,63427.2,0.02,2,63427.1,0.94,2,63426.7,0.32,1,63426.3,0.32,1,63426.1,0.01,1,63426,0.01,1,63425.9,0.03,2,63425.8,8.49,3,63425.7,25.14,7,63425.5,0.32,1,63425.3,0.01,1,63425.2,0.32,1,63424.9,0.32,1,63424.6,0.32,1,63424.4,0.16,3,63424.3,0.03,2,63424.2,2.32,3,63424.1,0.01,1,63424,0.04,4,63423.9,0.45,2,63423.7,127.53,1,63423.6,102.39,2,63423.5,0.33,2,63427.5,153.59,15,63427.6,0.18,3,63427.7,157.28,1,63428,0.01,1,63428.1,0.01,1,63428.2,0.03,3,63428.3,0.02,2,63428.4,1.18,2,63428.5,0.06,2,63428.6,1.14,1,63428.9,0.01,1,63429,1.21,3,63429.1,0.01,1,63429.5,0.01,1,63429.6,6.65,5,63429.7,157.28,1,63429.8,0.01,1,63429.9,1.2,2,63430,0.07,5,63430.1,19.57,4,63430.4,0.03,3,63430.6,0.03,2,63430.7,1,1,63430.8,0.33,2,63430.9,31.21,2,1081.11,532.12,0.3403,0.1,63427.4
1785229920502,63427.4,277.12,35,63427.3,4,5,63427.2,0.01,1,63426.1,0.01,1,63426,0.62,2,63425.9,0.33,2,63425.8,0.03,2,63425.7,46.84,4,63425.6,101.23,1,63425.3,0.33,2,63425,0.32,1,63424.5,0.32,1,63424.4,0.16,3,63424.1,0.01,1,63424,0.04,4,63423.9,0.13,1,63423.8,0.03,2,63423.7,96.15,2,63423.6,0.01,1,63423.5,0.02,2,63423.4,116.09,2,63423,0.01,1,63422.9,0.32,1,63422.6,0.01,1,63422.5,0.33,2,63427.5,570.23,45,63427.6,137.69,6,63427.7,177.29,3,63427.8,20,1,63427.9,0.01,1,63428,5.33,3,63428.1,0.02,2,63428.2,0.04,4,63428.3,1.16,1,63428.4,0.33,2,63428.7,1.52,3,63428.8,1.21,3,63428.9,1.19,2,63429,0.37,3,63429.1,0.01,1,63429.3,0.32,1,63429.4,1.17,1,63429.5,0.03,2,63429.6,1.2,3,63429.7,157.65,4,63429.8,4.69,3,63429.9,12.01,3,63430,0.36,5,63430.1,12.5,1,63430.3,0.32,1,644.47,1106.65,-0.2639,0.1,63427.4
1785229950752,63429.3,935.76,54,63429.2,4.44,5,63429.1,24.49,3,63429,6.01,4,63428.9,1,1,63428.6,0.03,2,63428.5,5,1,63428,0.02,2,63427.8,0.01,1,63427.6,0.01,1,63427.5,14.7,4,63427.4,59.28,6,63427.2,0.02,2,63427.1,0.01,1,63426.8,1.4,1,63426.6,0.02,2,63426.5,5.41,2,63426.3,2.52,1,63426.1,0.02,2,63426,4.24,4,63425.9,2.05,2,63425.8,0.01,1,63425.7,1,1,63425.6,1.68,1,63425.4,0.01,1,63429.4,498.57,33,63429.5,0.02,2,63430,0.02,2,63430.1,12.5,1,63430.4,0.05,4,63430.5,1.23,3,63430.6,1.16,2,63430.7,0.32,1,63430.8,0.01,1,63430.9,114.44,2,63431,0.02,2,63431.1,157.6,2,63431.3,0.01,1,63431.4,0.01,1,63431.5,0.01,1,63431.8,0.39,3,63431.9,1.17,3,63432,1.2,3,63432.1,1.23,3,63432.2,0.22,1,63432.5,0.01,1,63432.6,16.01,4,63432.7,0.32,1,63433,0.34,3,63433.1,105.51,1,1069.14,912.37,0.0791,0.1,63429.4
1785229981002,63427.4,62.03,12,63427.3,3.17,3,63427.2,0.01,1,63426.1,0.01,1,63426,0.61,1,63425.8,0.01,1,63425.7,1,1,63425.3,0.01,1,63424.4,0.16,3,63424.3,0.01,1,63424.2,1,1,63424.1,0.01,1,63424,0.03,3,63423.9,0.13,1,63423.6,0.01,1,63423.5,0.01,1,63423,0.01,1,63422.9,0.22,1,63422.6,0.01,1,63422.5,0.01,1,63422,0.01,1,63421.9,2.71,3,63421.8,12.64,2,63421.7,7.97,3,63421.6,35.66,7,63427.5,2338.1,99,63427.6,0.03,3,63427.7,20.03,4,63427.8,20.01,2,63427.9,385.04,3,63428,25.01,3,63428.1,108.89,2,63428.5,0.02,1,63428.7,0.06,1,63428.8,0.01,1,63428.9,1,1,63429,0.01,1,63429.1,30.89,3,63429.2,150.02,2,63429.3,329.48,6,63429.4,559.77,16,63429.5,31.2,1,63429.6,0.01,1,63429.7,0.33,2,63429.9,0.02,1,63430,2.71,6,63430.1,12.5,1,63430.2,63.14,2,63430.3,0.32,1,63430.4,0.03,3,127.45,4078.63,-0.9394,0.1,63427.4
1785230011252,63422,309.8,31,63421.9,23.17,4,63421.6,0.02,1,63421.5,21.01,3,63421.3,0.02,2,63421.1,0.01,1,63421,0.02,1,63420.9,21.4,2,63420.8,0.04,4,63420.7,0.03,2,63420.6,1.81,2,63420.5,0.32,1,63420.4,0.01,1,63420.3,72.49,2,63420.1,0.48,2,63420,0.03,3,63419.9,2.05,2,63419.8,0.32,1,63419.7,0.01,1,63419.6,1.68,1,63419.4,0.02,2,63419.3,3.4,2,63419,2.29,2,63418.9,0.33,2,63418.8,2.01,3,63422.1,1316.77,39,63422.2,0.02,2,63422.3,0.01,1,63422.4,5.59,6,63422.5,5.32,2,63422.7,0.01,1,63422.8,1.48,3,63422.9,0.02,2,63423,5,1,63423.1,1.18,2,63423.2,0.32,1,63423.4,0.01,1,63423.5,0.35,2,63423.6,1.19,2,63423.8,0.32,1,63424,0.02,2,63424.1,0.33,2,63424.2,119.61,3,63424.3,0.01,1,63424.4,0.01,1,63424.5,109.39,3,63424.8,0.32,1,63425,0.03,3,63425.1,157.61,3,63425.2,63.02,5,462.77,1787.94,-0.5888,0.1,63422.1
1785230041502,63422,259.45,26,63421.9,3.58,4,63421.5,0.01,1,63421.3,0.02,2,63421.1,0.01,1,63420.8,0.04,4,63420.5,0.01,1,63420.2,0.03,2,63420.1,82.33,2,63420,0.02,2,63419.9,0.01,1,63419.8,0.02,1,63419.7,0.16,1,63419.4,0.02,2,63419.3,1,1,63419.1,0.01,1,63419,1.01,2,63418.9,0.03,2,63418.8,2.01,3,63418.6,102.2,3,63418.5,150.01,2,63418.4,1.41,2,63418.2,0.01,1,63418.1,1.83,4,63418,30.58,2,63422.1,668.99,33,63422.2,0.35,3,63422.3,1.15,1,63422.4,0.02,2,63422.5,0.37,2,63422.7,0.11,2,63422.9,0.32,1,63423,0.03,1,63423.1,0.08,3,63423.2,9.01,8,63423.3,122.62,3,63423.4,0.02,2,63423.5,1.2,1,63423.6,0.34,3,63423.7,151.88,2,63423.8,158.85,2,63423.9,0.01,1,63424,10.33,7,63424.1,0.01,1,63424.2,1.79,3,63424.3,3.7,4,63424.4,2.82,2,63424.5,15.67,3,63424.8,0.32,1,63425,0.02,2,635.81,1150.01,-0.2879,0.1,63422.1
1785230071702,63396.3,468.49,20,63396.2,23.18,5,63396.1,0.01,1,63396,27.91,6,63395.9,0.02,2,63395.8,21,2,63395.7,0.01,1,63395.4,1.38,2,63395.2,0.05,5,63395.1,81.21,2,63395,0.35,3,63394.9,0.02,2,63394.8,0.01,1,63394.6,0.01,1,63394.5,9.48,2,63394.4,1.1,2,63394.3,0.01,1,63394.2,0.32,1,63394,0.02,2,63393.9,0.04,1,63393.8,50.56,2,63393.7,15.49,3,63393.6,0.01,1,63393.4,1.6,1,63393.2,2.52,1,63396.4,951,48,63396.5,0.01,1,63397.1,0.02,1,63397.2,157.28,1,63397.3,0.02,1,63397.4,28.39,1,63397.7,0.01,1,63397.9,0.01,1,63398,0.01,1,63398.3,0.35,3,63398.4,145.93,4,63398.5,109.26,3,63398.6,33.63,5,63398.9,0.01,1,63399,5.32,2,63399.1,0.01,1,63399.3,0.32,1,63399.9,0.01,1,63400,0.35,4,63400.1,347.37,6,63400.2,0.01,1,63400.3,0.4,2,63400.4,0.01,1,63400.5,0.02,2,63400.6,7,1,704.8,1786.75,-0.4342,0.1,63396.4
1785230101952,63398.5,1090.51,47,63398.4,80.56,13,63398.3,20.88,4,63398,0.33,2,63397.5,0.32,1,63397.3,0.01,1,63396.9,0.33,2,63396.7,0.02,2,63396.6,20.02,3,63396.5,20.32,2,63396.4,0.01,1,63396.3,6.52,4,63396.2,0.33,2,63396.1,0.01,1,63396,83.06,7,63395.9,0.01,1,63395.8,1.32,2,63395.7,0.02,2,63395.5,0.35,3,63395.4,1.06,1,63395.3,15.48,3,63395.2,0.35,4,63395,0.03,2,63394.9,0.34,3,63394.8,0.01,1,63398.6,159.74,15,63398.7,0.01,1,63399.2,0.02,1,63399.3,29.22,1,63399.9,0.01,1,63400,0.01,1,63400.1,0.02,2,63400.4,0.01,1,63400.5,0.02,2,63400.7,0.04,3,63400.8,31.2,1,63401.3,0.04,3,63401.4,12.62,1,63401.6,0.03,3,63401.8,0.02,2,63401.9,3.95,2,63402,113.22,6,63402.1,146.57,2,63402.2,1.58,2,63402.3,157.8,2,63402.4,0.01,1,63402.5,0.01,1,63402.8,0.24,3,63402.9,1.57,1,63403.1,0.01,1,1342.2,657.97,0.3421,0.1,63398.6
1785230132202,63412.8,137.89,25,63412.7,111.02,6,63412.6,0.02,1,63412.5,5,1,63412.1,0.03,2,63412,5.01,2,63411.6,0.01,1,63411.5,0.01,1,63411.4,0.03,2,63411.3,151.01,3,63411.2,20.04,5,63411,0.01,1,63410.9,0.32,1,63410.7,0.01,1,63410.6,0.01,1,63410.5,0.32,1,63410.2,0.33,2,63410,0.01,1,63409.8,0.32,1,63409.7,0.01,1,63409.6,0.01,1,63409.5,20.01,2,63409.4,170.01,3,63409.3,21.01,3,63409.2,0.16,1,63412.9,494.67,20,63413,0.01,1,63413.4,0.32,1,63413.5,0.01,1,63413.7,0.32,1,63414,0.02,2,63414.1,0.33,2,63414.3,0.02,2,63414.4,7.02,11,63414.5,333.71,4,63414.6,151.87,1,63414.7,9.12,4,63414.8,31.2,1,63414.9,0.27,2,63415,158.06,3,63415.3,0.35,4,63415.4,3.38,3,63415.6,0.33,2,63416,0.02,2,63416.1,15.53,4,63416.2,0.01,1,63416.3,0.01,1,63416.4,0.01,1,63416.6,0.32,1,63416.7,0.01,1,642.61,1206.92,-0.3051,0.1,63412.9
1785238228856,63429.7,216.89,15,63429.6,0.01,1,63428.9,0.01,1,63428.6,0.01,1,63428.5,100,1,63428.4,0.01,1,63428.2,0.01,1,63428,0.01,1,63427.6,0.01,1,63427.5,0.01,1,63427.2,0.02,2,63427,0.01,1,63426.4,0.02,2,63426,0.06,4,63425.8,0.01,1,63425.3,0.33,3,63425.2,0.02,2,63425.1,12.86,4,63425,129.49,1,63424.6,0.01,1,63424.4,0.01,1,63424.3,1.01,2,63424.2,0.16,1,63424.1,0.01,1,63424,15.82,7,63429.8,1452.65,43,63429.9,0.36,5,63430,5.01,2,63430.2,0.01,1,63430.3,123.89,4,63430.4,150.06,5,63430.5,5.02,3,63430.6,52.87,3,63430.7,1,1,63431.1,0.01,1,63431.5,150.01,2,63431.6,7.04,3,63431.9,0.01,1,63432,0.02,2,63432.4,0.02,1,63432.5,0.01,1,63432.9,0.01,1,63433.1,0.01,1,63433.5,9.3,2,63433.6,284.59,5,63433.7,150.01,2,63433.8,20.41,7,63434,0.01,1,63434.1,0.01,1,63434.2,195.29,5,476.81,2607.63,-0.6908,0.1,63429.8
1785238259156,63418.4,1205.28,47,63418.3,0.02,2,63418.2,32.45,2,63418.1,13.98,1,63418,0.01,1,63417.9,0.02,2,63417.8,6.29,1,63417.6,0.02,2,63417.1,1.08,2,63416.9,0.02,2,63416.8,62.43,1,63416.7,0.01,1,63416.6,1.15,1,63416.3,0.01,1,63416.2,0.01,1,63416,0.01,1,63415.7,0.01,1,63415.3,0.01,1,63415.2,2.89,3,63415.1,151.05,3,63415,61.61,11,63414.9,22.25,15,63414.8,3.9,1,63414.6,0.32,1,63414.5,0.01,1,63418.5,57.95,11,63418.6,0.01,1,63419.3,0.06,1,63419.8,0.01,1,63420,0.06,2,63420.7,0.01,1,63420.8,0.01,1,63421.2,0.01,1,63421.4,0.24,5,63421.5,0.22,1,63421.6,0.01,1,63421.8,0.01,1,63422,0.01,1,63422.4,0.01,1,63422.5,0.01,1,63422.6,0.02,2,63422.7,44.9,3,63422.8,150,1,63422.9,0.01,1,63423.2,0.01,1,63423.6,0.01,1,63423.8,0.01,1,63423.9,0.29,3,63424,0.03,3,63424.2,0.01,1,1564.84,253.92,0.7208,0.1,63418.4
1785238289456,63444.9,921.99,38,63444.8,33.18,6,63444,0.01,1,63443.6,0.01,1,63443.2,0.03,3,63442.7,0.04,3,63442.6,132.99,6,63442.5,247.99,3,63442.2,0.01,1,63442,0.01,1,63441.8,0.04,3,63441.7,13.98,1,63441.6,0.05,2,63441.3,0.01,1,63441.2,19.75,1,63441,0.01,1,63440.9,0.01,1,63440.5,12.62,2,63440.4,123.59,2,63440.3,0.01,1,63440.2,7.87,2,63440,0.04,4,63439.9,0.01,1,63439.8,0.02,2,63439.7,3.94,1,63445,3.96,6,63445.1,0.01,1,63445.2,0.01,1,63445.4,0.03,1,63445.7,0.01,1,63445.8,0.02,1,63445.9,0.01,1,63446.1,0.01,1,63446.4,0.02,2,63446.5,0.01,1,63446.8,0.01,1,63446.9,1,1,63447,0.04,2,63447.2,0.01,1,63447.5,0.01,1,63447.6,1.01,2,63447.8,0.01,1,63447.9,0.01,1,63448,0.09,4,63448.3,0.01,1,63448.5,0.01,1,63448.6,0.25,2,63448.8,0.07,2,63449,1.04,3,63449.3,0.21,3,1518.21,7.87,0.9897,0.1,63444.9
1785238319906,63471.9,896.78,58,63471.8,3.93,6,63470.6,0.01,1,63470.4,0.01,1,63470.1,0.01,1,63470,1.04,4,63469.9,33.01,6,63469.7,0.01,1,63469.6,0.02,1,63469.5,127.71,1,63469.4,0.02,1,63469.3,4,1,63469.2,0.01,1,63468.8,0.33,3,63468.7,13.98,2,63468.6,34.37,2,63468.5,0.01,1,63468.4,0.01,1,63468.2,8,1,63468,12.69,5,63467.9,44.37,3,63467.7,0.01,1,63467.6,3.94,1,63467.5,127.71,1,63467.4,211.19,2,63472,189.08,21,63472.1,0.01,1,63472.5,0.08,2,63472.6,0.02,2,63472.7,0.11,2,63472.9,0.05,3,63473,0.01,1,63473.1,0.01,1,63473.3,0.07,3,63473.4,28.03,4,63473.6,0.01,1,63473.8,0.02,2,63473.9,0.01,1,63474,0.06,2,63474.1,0.61,3,63474.5,0.03,3,63474.6,0.05,1,63474.7,0.3,2,63474.9,0.01,1,63475,2.42,21,63475.1,0.02,2,63475.2,0.03,3,63475.4,0.01,1,63475.5,0.01,1,63475.6,0.49,1,1523.17,221.55,0.746,0.1,63471.9
1785238350156,63473.5,1452.24,66,63473.4,245.09,5,63473.3,170.04,4,63473.2,45.88,6,63473.1,0.01,1,63472.2,0.03,2,63472.1,20,1,63472,0.03,3,63471.9,0.02,2,63471.8,10.02,3,63471.7,176.6,2,63471.6,0.33,2,63471.1,0.01,1,63470.5,0.01,1,63470.3,12.83,3,63470.2,157.52,2,63470.1,204.45,5,63470,30.07,8,63469.9,4.69,10,63469.8,0.01,1,63469.7,115.45,2,63469.6,0.01,1,63469.4,0.32,1,63469.3,1.15,1,63469.2,6.85,3,63473.6,18.72,9,63473.7,0.01,1,63475,0.01,1,63475.2,0.02,2,63475.8,0.01,1,63475.9,0.01,1,63476.1,0.01,1,63476.5,0.23,2,63476.8,0.01,1,63476.9,0.01,1,63477.3,0.01,1,63477.4,0.04,4,63477.7,0.02,2,63478.1,0.01,1,63478.3,0.01,1,63478.4,0.03,3,63478.6,0.01,1,63478.7,0.02,1,63478.8,0.01,1,63479.2,0.01,1,63479.5,0.03,3,63479.6,3.56,2,63480,0.04,4,63480.1,0.08,2,63480.3,0.3,2,2653.66,23.22,0.9827,0.1,63473.6
1785238380406,63468.4,102.31,20,63468.3,3.17,3,63468,0.04,2,63467.6,7.88,2,63467.2,0.01,1,63466.8,0.01,1,63466.6,0.01,1,63466,0.03,3,63465.9,0.01,1,63465.8,0.03,2,63465.7,12.01,3,63465.6,0.03,3,63465.3,0.18,5,63465.1,0.01,1,63464.7,0.03,2,63464.6,12.62,2,63464.4,0.22,1,63464.3,0.01,1,63464,0.01,1,63463.9,0.17,2,63463.8,78.8,2,63463.7,6.77,2,63463.6,127.96,3,63463.4,0.06,1,63463.3,0.01,1,63468.5,920.7,38,63468.6,0.17,2,63468.8,0.02,2,63468.9,0.01,1,63469,5.32,2,63469.1,0.03,1,63469.5,0.01,1,63469.6,128.28,4,63469.7,145.73,2,63469.8,0.01,1,63469.9,0.33,2,63470,1.02,3,63470.1,7.02,3,63470.3,63.4,2,63470.6,0.32,1,63470.7,0.01,1,63470.8,157.01,3,63470.9,10.09,4,63471.2,0.01,1,63471.3,7,1,63471.4,0.01,1,63471.6,0.01,1,63471.7,13.48,1,63471.9,0.01,1,63472,277.04,7,352.39,1737.04,-0.6627,0.1,63468.4
1785238410706,63483.1,1418.51,68,63483,3.17,3,63481.9,0.02,1,63481.8,12.01,3,63481.6,0.03,3,63481,0.01,1,63480.9,0.01,1,63480.8,0.32,1,63480.4,0.01,1,63480.3,0.03,2,63480.2,12.61,1,63480.1,0.31,1,63480,0.06,5,63479.9,117.42,3,63479.8,39.6,9,63479.2,0.01,1,63479.1,0.04,4,63479,0.86,2,63478.8,0.01,1,63478.5,0.01,1,63478.4,0.35,4,63478.3,0.01,1,63477.8,0.32,1,63477.7,0.01,1,63477.6,0.01,1,63483.2,392,9,63483.3,0.01,1,63483.9,0.03,1,63484,0.03,3,63484.1,0.01,1,63484.2,0.01,1,63484.3,0.01,1,63484.4,0.01,1,63484.6,0.01,1,63484.8,0.02,2,63485,0.01,1,63485.1,0.02,1,63485.4,0.01,1,63485.5,0.01,1,63485.6,0.02,2,63485.9,0.01,1,63486,0.02,2,63486.1,0.01,1,63486.2,28,3,63486.3,0.01,1,63486.4,0.01,1,63486.7,0.01,1,63486.8,0.01,1,63487.2,0.02,2,63487.3,48.83,1,1605.75,469.14,0.5478,0.1,63483.1
1785238441006,63471.4,8.03,4,63471.1,0.01,1,63470.4,0.01,1,63470.2,0.02,2,63470.1,1.85,1,63470,0.08,1,63469.5,0.01,1,63469.4,1,1,63469.2,0.01,1,63469,0.01,1,63468.9,0.01,1,63468.8,1.02,3,63468.7,0.01,1,63468.6,0.01,1,63468.5,1.01,2,63468.3,0.02,2,63468.2,0.01,1,63468.1,1.23,3,63468,0.04,2,63467.9,0.01,1,63467.8,1.2,1,63467.7,0.02,2,63467.6,4.39,2,63467.5,0.01,1,63467.4,1.21,2,63471.5,2433.97,65,63471.6,643,20,63471.7,0.02,2,63472,0.03,3,63472.9,0.01,1,63473.1,0.01,1,63473.5,0.24,3,63473.7,0.03,2,63473.8,157.55,4,63473.9,202.09,2,63474,0.02,2,63474.1,151.87,1,63474.3,0.01,1,63474.8,89.86,3,63474.9,0.01,1,63475,0.01,1,63475.2,0.02,2,63475.4,172.03,2,63475.5,153.29,2,63475.6,170.27,32,63475.8,0.01,1,63476,0.01,1,63476.1,0.01,1,63476.3,0.32,1,63476.6,49.33,1,21.23,4224.02,-0.99,0.1,63471.4
1785238471301,63483.2,300.72,9,63482.7,0.01,1,63482.6,3.13,1,63482.3,0.01,1,63482.1,0.01,1,63481.6,0.04,4,63481.5,0.02,2,63481.4,100,1,63481,0.01,1,63480.9,0.01,1,63480.8,0.01,1,63480.6,0.01,1,63480,0.07,3,63479.9,0.01,1,63479.7,0.05,5,63479.2,0.01,1,63479,0.02,2,63478.6,0.01,1,63478.5,0.14,1,63478.4,0.04,4,63478.1,0.01,1,63478,0.01,1,63477.7,0.02,2,63477.6,4,1,63477.4,0.4,2,63483.3,1121.81,38,63483.4,204.05,4,63483.5,0.34,3,63483.6,0.01,1,63483.7,63.06,1,63483.9,0.32,1,63484.2,0.32,1,63484.5,0.32,1,63484.7,0.01,1,63484.8,0.03,3,63484.9,1.33,3,63485,0.01,1,63485.2,0.34,3,63485.3,7.88,1,63485.4,0.02,2,63485.5,150,1,63485.6,0.35,4,63485.9,0.32,1,63486.1,0.01,1,63486.2,0.32,1,63486.4,0.01,1,63486.5,6.63,3,63486.6,13.41,1,63486.7,0.23,3,63486.8,235.93,2,408.77,1807.06,-0.631,0.1,63483.2
1785244573157,63463.9,1073.07,75,63463.8,0.13,3,63463.4,1,1,63463.2,0.02,1,63463.1,9.82,2,63463,10,1,63462.6,0.04,3,63462.5,20.01,3,63462.4,0.03,3,63462,0.01,1,63461.8,0.01,1,63461.7,0.01,1,63461.2,0.02,2,63461.1,10.01,2,63461,0.02,2,63460.9,0.09,1,63460.7,0.01,1,63460.6,0.01,1,63460.3,0.01,1,63460.1,0.08,1,63460,0.02,2,63459.8,0.01,1,63459.5,0.02,2,63459.4,0.1,3,63459.3,0.82,2,63464,298.55,22,63464.1,0.01,1,63464.3,0.02,2,63464.4,0.01,1,63464.6,0.02,2,63464.7,23.63,1,63465.1,0.02,2,63465.2,0.01,1,63465.3,0.15,2,63465.5,0.02,1,63465.6,0.03,3,63465.7,0.01,1,63466,0.01,1,63466.1,0.02,2,63466.2,0.01,1,63466.6,0.01,1,63466.7,0.01,1,63466.8,4.65,2,63466.9,0.03,3,63467,200.03,4,63467.3,0.01,1,63467.4,0.01,1,63467.5,0.01,1,63467.8,0.01,1,63467.9,0.01,1,1125.37,527.3,0.3619,0.1,63463.9
1785244603457,63455.4,561.85,35,63455.3,73.17,23,63455.2,0.5,15,63455,0.02,1,63454.6,0.32,1,63454.4,0.02,2,63454,0.02,2,63453.8,0.34,3,63453.7,0.01,1,63453.5,0.32,1,63453.4,0.01,1,63453.3,0.01,1,63453.2,0.16,1,63453.1,0.33,2,63453,0.03,3,63452.9,55.75,5,63452.8,135.55,9,63452.7,195.44,1,63452.6,0.02,2,63452.5,0.01,1,63452.4,0.33,2,63452.3,1.02,3,63452.2,13.64,2,63452,1.33,3,63451.9,0.01,1,63455.5,36.62,18,63455.6,0.01,1,63455.7,0.01,1,63456,0.01,1,63456.1,0.01,1,63456.4,0.01,1,63456.8,0.01,1,63457.1,0.01,1,63457.5,0.01,1,63457.6,18.09,2,63457.7,0.01,1,63458,0.02,2,63458.2,0.01,1,63458.5,0.02,2,63458.6,0.01,1,63458.7,0.01,1,63458.8,0.01,1,63459,0.01,1,63459.2,0.01,1,63459.4,0.02,2,63459.5,0.01,1,63459.8,0.02,2,63459.9,6.79,4,63460,12.63,3,63460.1,120.42,3,1040.21,194.79,0.6846,0.1,63455.4
1785244633757,63460,1328.83,70,63459.9,0.32,9,63459.2,0.03,3,63459,0.01,1,63458.9,46.51,3,63458.7,0.03,3,63458.6,21.02,4,63458.5,75.55,10,63458.4,0.01,1,63458.3,0.01,1,63458.2,1.18,1,63458,0.01,1,63457.9,0.01,1,63457.8,0.32,1,63457.7,0.01,1,63457.4,0.32,1,63457.2,0.01,1,63457.1,0.32,1,63457,0.02,2,63456.9,0.02,2,63456.5,0.01,1,63456.4,0.01,1,63456.3,0.33,2,63456.2,1.41,2,63456.1,0.02,2,63460.1,207.2,20,63460.2,0.01,1,63460.4,0.64,2,63460.7,0.01,1,63461.1,0.01,1,63461.2,0.01,1,63461.4,0.01,1,63461.6,0.03,3,63462,0.07,3,63462.1,0.01,1,63462.2,0.01,1,63462.3,0.06,1,63462.4,0.04,4,63462.5,0.01,1,63462.8,0.02,2,63463.4,0.02,2,63463.5,0.01,1,63463.6,0.02,2,63463.7,12.62,2,63463.9,0.02,2,63464,200.03,4,63464.3,0.34,3,63464.4,0.01,1,63464.5,0.02,1,63464.6,0.33,2,1476.32,421.56,0.5558,0.1,63460.1
1785244664107,63439.4,452.23,26,63439.3,41.25,4,63439.2,0.04,4,63439.1,0.04,4,63439,2.22,4,63438.9,0.14,1,63438.6,0.34,2,63438.4,0.02,2,63438.3,0.47,5,63438.2,0.03,3,63438.1,0.3,3,63438,0.43,6,63437.8,0.17,1,63437.7,0.06,4,63437.6,0.52,8,63437.5,34.49,7,63437.4,0.37,6,63437.3,0.32,1,63437.2,0.12,4,63437.1,0.5,1,63437,0.39,5,63436.9,128.59,2,63436.8,118.72,8,63436.7,0.39,4,63436.6,0.04,1,63439.5,311.64,24,63439.6,0.02,2,63439.8,1.41,2,63439.9,0.02,1,63440,7.31,5,63440.2,0.01,1,63440.8,0.01,1,63441,0.01,1,63441.2,0.04,3,63441.3,18,1,63441.4,0.01,1,63441.7,0.01,1,63441.8,0.01,1,63441.9,0.01,1,63442,0.04,3,63442.1,121.83,2,63442.2,40.38,28,63442.3,10.71,1,63442.4,0.01,1,63442.5,0.01,1,63442.6,0.02,2,63442.7,13.58,1,63442.8,0.01,1,63442.9,0.01,1,63443.1,0.01,1,782.19,525.12,0.1966,0.1,63439.4
1785244694407,63452.3,188.45,17,63452.2,0.02,2,63452,0.01,1,63451.4,0.03,2,63451.3,36.44,2,63451,0.01,1,63450.8,0.01,1,63450.7,0.02,2,63450.5,0.16,1,63450.2,0.01,1,63450.1,0.01,1,63450,0.02,2,63449.8,0.02,1,63449.7,6.8,4,63449.6,124.85,5,63449.4,0.01,1,63449.2,0.01,1,63449.1,0.01,1,63449,0.01,1,63448.7,121.76,3,63448.6,76.4,1,63448.4,0.02,2,63448.3,0.01,1,63448.1,0.34,3,63448,0.02,2,63452.4,479.15,27,63452.5,0.02,2,63452.6,0.02,2,63452.7,0.76,2,63452.8,2.03,4,63452.9,0.01,1,63453,200.32,2,63453.2,0.01,1,63453.3,0.35,4,63453.4,151.87,1,63453.5,0.01,1,63453.9,0.03,3,63454,200.33,3,63454.1,1.18,2,63454.3,0.33,2,63454.4,0.01,1,63454.5,0.01,1,63454.6,0.33,2,63454.7,1,1,63454.8,0.01,1,63454.9,0.32,1,63455,0.02,2,63455.1,39.48,2,63455.2,0.33,2,63455.3,1.3,1,555.45,1079.23,-0.3204,0.1,63452.4
1785244724707,63452.4,293.42,22,63452.3,0.96,3,63452.1,0.01,1,63452,0.01,1,63451.4,0.01,1,63451.3,1.57,1,63451,0.01,1,63450.9,0.01,1,63450.7,0.02,2,63450.5,0.09,1,63450.2,0.01,1,63450.1,0.01,1,63450,0.08,4,63449.9,0.19,3,63449.8,37.33,3,63449.7,124.27,3,63449.6,1,4,63449.4,0.33,2,63449.3,0.02,1,63449.2,13.91,2,63449.1,0.01,1,63449,0.32,2,63448.9,0.16,1,63448.7,0.01,1,63448.5,0.01,1,63452.5,381.16,20,63452.6,0.01,1,63452.8,0.03,3,63453.2,0.02,2,63453.3,15.41,1,63453.5,0.01,1,63453.7,0.01,1,63453.8,6.8,5,63453.9,128.77,2,63454,200.02,3,63454.1,0.01,1,63454.2,1.19,1,63454.5,0.01,1,63454.6,0.02,2,63454.7,12.84,3,63454.9,0.01,1,63455.2,0.03,3,63455.3,157.45,1,63455.4,0.01,1,63455.6,0.01,1,63455.7,13.9,1,63455.9,150.01,2,63456,340.17,16,63456.1,0.01,1,63456.2,1,1,473.77,1408.91,-0.4967,0.1,63452.4
1785244755007,63452.4,446.49,26,63452.3,0.86,2,63452.2,0.09,1,63452.1,0.1,2,63452,0.33,2,63451.7,0.32,1,63451.4,0.34,3,63451.1,0.32,1,63451,0.01,1,63450.9,0.01,1,63450.7,1.11,3,63450.1,0.01,1,63450,0.11,7,63449.9,0.02,2,63449.8,38.59,2,63449.7,129.15,1,63449.6,0.11,5,63449.4,0.01,1,63449.3,0.2,2,63449.2,13.55,3,63449.1,0.01,1,63449,0.34,3,63448.7,0.01,1,63448.6,0.01,1,63448.5,122.52,3,63452.5,389.61,29,63452.6,0.01,1,63452.8,0.52,3,63452.9,0.01,1,63453,200,1,63453.1,0.09,1,63453.2,0.04,4,63453.3,10,1,63453.8,0.01,1,63453.9,0.03,3,63454,200.02,3,63454.6,0.02,2,63454.8,0.01,1,63455.1,0.03,3,63455.3,0.01,1,63455.5,0.32,1,63455.6,0.01,1,63455.7,151.97,3,63455.8,0.33,2,63456,0.06,6,63456.1,0.32,1,63456.2,0.01,1,63456.3,1.19,1,63456.4,0.04,4,63456.5,5.06,3,754.62,959.72,-0.1196,0.1,63452.4
1785244785307,63446.2,365.21,25,63446.1,0.01,1,63446,0.01,1,63445.3,0.01,1,63445.1,0.01,1,63444.9,0.01,1,63444.7,0.01,1,63444.5,0.01,1,63444.3,0.01,1,63444.2,0.05,2,63444.1,0.11,2,63444,0.02,2,63443.9,0.01,1,63443.8,0.18,3,63443.7,38.69,1,63443.6,0.02,2,63443.5,129.58,2,63443.3,0.05,1,63443.2,0.34,4,63443.1,0.02,2,63443,13.51,2,63442.8,0.02,2,63442.7,73.84,2,63442.6,0.01,1,63442.4,0.01,1,63446.3,334.48,29,63446.4,0.05,5,63446.6,1.19,1,63446.7,0.01,1,63446.8,12.33,4,63446.9,0.02,2,63447,200,1,63447.1,0.33,2,63447.4,0.33,2,63447.7,0.33,2,63447.8,0.01,1,63448,0.02,2,63448.1,0.33,2,63448.3,0.18,2,63448.4,0.54,2,63448.5,0.01,1,63448.7,0.47,2,63448.9,0.02,2,63449,0.32,1,63449.3,0.03,3,63449.4,4.75,3,63449.5,157.04,4,63449.6,0.03,3,63449.7,0.01,1,63449.8,10.66,3,621.75,723.49,-0.0756,0.1,63446.2
1785244815607,63446.2,707.72,44,63446.1,62.47,4,63446,4.51,3,63445.9,3.09,1,63445.4,0.31,1,63445.3,0.01,1,63444.9,0.01,1,63444.7,0.01,1,63444.5,0.01,1,63444.3,0.01,1,63444.2,0.05,2,63444.1,0.11,2,63444,0.02,2,63443.8,6.78,2,63443.7,79.06,4,63443.6,125.99,2,63443.5,0.01,1,63443.3,0.01,1,63443.2,6.34,5,63443.1,124.78,2,63443,14.76,4,63442.9,240.22,1,63442.8,21.51,2,63442.6,0.01,1,63442.5,0.01,1,63446.3,93.51,16,63446.4,0.05,5,63446.5,21.09,1,63446.6,0.25,1,63446.7,0.09,1,63446.8,0.1,2,63446.9,0.01,1,63447,0.95,1,63447.1,0.01,1,63447.4,0.01,1,63447.8,0.02,2,63448,0.01,1,63448.1,0.01,1,63448.3,0.17,1,63448.4,0.23,2,63448.5,0.01,1,63448.8,0.01,1,63448.9,0.96,2,63449,0.01,1,63449.4,0.01,1,63449.5,0.03,3,63449.6,4.43,4,63449.8,0.01,1,63449.9,0.02,2,63450,23.71,4,1397.81,145.71,0.8112,0.1,63446.2
1785253194555,63819.9,1653.29,46,63819.8,52.01,11,63819.7,0.01,1,63819.6,0.04,3,63819.5,5,1,63819.1,0.07,3,63819,5,1,63818.9,0.01,1,63818.8,0.01,1,63818.7,0.03,2,63818.6,8.63,1,63818.5,0.01,1,63818.3,0.02,2,63817.9,0.04,1,63817.8,0.26,1,63817.7,0.02,2,63817.6,68.19,5,63817.5,62.76,2,63817.3,0.02,2,63817.2,151.32,4,63817.1,9.61,2,63816.7,0.01,1,63816.6,0.02,2,63816.5,0.01,1,63816.2,0.01,1,63820,8.37,9,63820.2,0.01,1,63820.3,0.02,2,63820.8,0.03,3,63821,0.02,2,63821.1,0.01,1,63821.4,0.01,1,63821.6,0.03,2,63821.7,0.01,1,63821.8,0.02,2,63822,0.04,2,63822.2,0.01,1,63822.3,0.01,1,63822.5,0.01,1,63822.6,0.01,1,63822.7,0.03,1,63822.8,0.02,2,63822.9,0.02,2,63823.1,0.1,1,63823.2,0.01,1,63823.4,0.01,1,63823.5,0.03,3,63823.7,0.02,2,63823.8,65.78,2,63823.9,1.56,2,2016.4,76.19,0.9272,0.1,63819.9
1785253224855,63796.4,17.23,10,63796.3,0.01,1,63796.2,0.01,1,63796.1,0.01,1,63796,0.01,1,63795.7,0.01,1,63795.2,0.01,1,63795,0.01,1,63794.9,0.01,1,63794.8,0.01,1,63794.3,0.01,1,63793.7,0.01,1,63793.6,0.02,2,63793.3,0.02,2,63793.2,1,1,63793.1,0.01,1,63792.8,0.02,2,63792.7,0.01,1,63792.6,14.35,3,63792.5,0.02,1,63792.4,0.01,1,63792.3,0.02,1,63792.2,13.27,3,63792.1,0.04,4,63792,88.65,7,63796.5,547.37,34,63796.6,20.03,3,63796.7,0.02,1,63796.8,0.33,2,63796.9,0.01,1,63797.2,0.01,1,63797.4,0.33,2,63797.6,0.01,1,63797.7,20.36,4,63797.8,22.02,2,63798,0.43,5,63798.1,20.01,2,63798.3,68.32,3,63798.4,0.03,3,63798.5,0.01,1,63798.6,0.01,1,63798.8,0.01,1,63799.2,0.01,1,63799.3,0.07,1,63799.4,0.04,3,63799.6,1.92,1,63799.7,13.62,1,63800,36.53,1,63800.1,25.7,8,63800.3,69.28,1,134.78,846.48,-0.7253,0.1,63796.4
1785253255155,63818.7,937.82,43,63818.6,0.02,2,63818.5,0.02,1,63818.4,151.89,2,63818.3,156.62,1,63818.1,0.01,1,63817.9,0.01,1,63817.6,0.02,2,63817.5,0.01,1,63817.4,0.01,1,63817.2,0.01,1,63817.1,0.27,2,63816.6,0.01,1,63816.5,0.02,2,63816.4,0.04,3,63816.3,12,2,63816,0.01,1,63815.7,150.5,2,63815.6,71.04,12,63815.5,1.01,2,63815.4,20,1,63815.3,157.62,2,63815.2,120.02,3,63815.1,0.01,1,63814.8,0.01,1,63818.8,306.26,19,63818.9,0.02,2,63819.2,0.01,1,63819.3,3.13,1,63819.6,0.01,1,63819.7,0.01,1,63819.9,0.02,2,63820,14.56,21,63820.2,0.01,1,63820.3,0.02,2,63820.4,12.01,3,63820.6,0.01,1,63820.7,0.01,1,63820.8,0.04,4,63820.9,0.01,1,63821,0.01,1,63821.2,0.01,1,63821.3,0.01,1,63821.6,0.02,1,63821.8,0.02,2,63821.9,0.02,2,63822,8.06,3,63822.3,0.23,2,63822.5,0.02,2,63822.6,0.01,1,1779.0,344.54,0.6755,0.1,63818.8
1785253285505,63904,665.06,26,63903.9,1.57,2,63903.5,0.02,2,63903.2,96.46,2,63903.1,34.5,1,63903,0.02,2,63902.9,0.01,1,63902.7,0.01,1,63902.6,1.03,3,63902.5,150.02,2,63902.4,0.01,1,63902.3,0.01,1,63902.1,0.02,1,63902,5,2,63901.9,0.01,1,63901.8,0.01,1,63901.7,0.01,1,63901.5,5.01,2,63901.4,0.01,1,63901.3,0.02,2,63901.1,0.02,2,63901,13.59,2,63900.9,13.58,1,63900.8,0.05,5,63900.1,0.01,1,63904.1,315.57,12,63904.2,0.01,1,63904.3,0.01,1,63904.7,0.02,2,63905.1,0.01,1,63905.2,0.01,1,63905.3,6.3,1,63905.6,0.02,2,63905.9,0.01,1,63906,17.01,3,63906.1,67.78,1,63906.2,0.02,2,63906.4,0.01,1,63906.5,0.02,2,63906.6,17.01,3,63907.2,0.02,2,63907.3,0.01,1,63907.5,0.01,1,63907.7,0.02,2,63907.9,0.01,1,63908,65.39,1,63908.1,17,2,63908.2,1.21,2,63908.5,0.01,1,63908.6,17.02,4,986.06,524.51,0.3055,0.1,63904.1
1785253315805,63858.4,895.37,60,63858.3,17.47,3,63858.2,34.52,3,63858,0.02,2,63857.9,10.01,2,63857.5,0.01,1,63856.9,0.02,2,63856.8,0.01,1,63856.6,0.01,1,63856.4,0.02,2,63856,0.02,2,63855.8,0.01,1,63855.7,0.01,1,63855.6,0.02,2,63855.1,0.01,1,63855,0.03,1,63854.9,0.01,1,63854.8,0.32,2,63854.7,85.34,3,63854.6,84.84,1,63854.5,150,1,63854.4,71.1,15,63854.3,20,1,63854.1,0.47,2,63854,0.07,2,63858.5,449.34,14,63858.6,0.01,1,63858.7,0.01,1,63859.2,0.01,1,63859.4,0.01,1,63859.5,0.02,2,63859.8,0.01,1,63860.2,0.01,1,63860.3,0.01,1,63860.4,0.02,1,63860.5,7.37,4,63860.6,72.03,2,63860.7,0.03,2,63860.8,115.8,2,63860.9,0.22,1,63861,150,1,63861.2,0.01,1,63861.3,0.27,2,63861.4,150.01,2,63861.5,31.45,6,63861.7,0.01,1,63861.9,138.83,5,63862,0.02,2,63862.2,20.01,2,63862.3,20.01,2,1369.71,1155.52,0.0848,0.1,63858.4
1785253346105,63839.9,20.9,8,63839.8,0.01,1,63839.6,0.01,1,63839.4,0.01,1,63839.3,0.05,3,63839.2,1,2,63839.1,0.02,2,63839,0.01,1,63838.9,0.07,1,63838.8,0.02,2,63838.7,0.02,2,63838.5,0.01,1,63838.4,0.01,1,63838.3,0.02,2,63838.2,0.02,1,63838,0.02,2,63837.8,0.05,5,63837.7,0.7,1,63837.5,0.25,2,63837.3,0.01,1,63837.2,0.02,2,63837.1,0.01,1,63837,0.02,2,63836.9,0.03,2,63836.8,0.03,3,63840,1672.93,81,63840.1,0.02,2,63841.1,0.01,1,63841.2,0.02,1,63841.3,0.03,2,63841.4,48.15,4,63841.5,20.04,4,63841.6,20.01,2,63841.7,21.01,3,63841.8,0.01,1,63842.1,0.01,1,63842.2,0.01,1,63842.6,0.32,1,63842.7,0.02,2,63842.8,0.01,1,63843,0.32,1,63843.1,0.02,2,63843.2,152.7,11,63843.3,0.33,2,63843.4,0.02,2,63843.7,0.32,1,63843.9,0.7,3,63844,19,10,63844.3,0.01,1,63844.5,0.01,1,23.32,1956.03,-0.9764,0.1,63839.9
1785253376405,63817.4,267.82,19,63817.3,0.02,2,63817.1,0.01,1,63817,109.96,3,63816.5,0.03,1,63816.4,0.31,1,63816.3,0.07,1,63816.2,0.01,1,63816,0.33,2,63815.7,0.33,2,63815.6,0.02,2,63815.5,7.24,1,63815.4,0.32,1,63815.3,0.03,3,63815.1,3.46,3,63815,79.27,3,63814.9,3.93,2,63814.8,78.67,2,63814.7,156.47,1,63814.5,0.32,1,63814.4,86.24,8,63814.3,0.14,2,63814.2,14.2,4,63814.1,49.07,1,63814,0.01,1,63817.5,1475.07,69,63817.6,0.04,3,63817.7,4.84,4,63817.8,10.01,2,63818.6,0.01,1,63819,0.03,3,63819.1,0.32,1,63819.3,0.01,1,63819.5,0.32,1,63819.6,0.01,1,63819.9,0.33,2,63820,0.01,1,63820.2,0.33,2,63820.3,0.02,2,63820.5,0.32,1,63820.6,0.01,1,63820.8,0.04,4,63821,0.32,1,63821.3,0.33,2,63821.4,0.01,1,63821.6,0.32,1,63821.7,0.28,3,63821.8,0.01,1,63821.9,0.32,1,63822,7.14,8,858.28,1500.45,-0.2723,0.1,63817.4
1785253406705,63851.9,314.2,18,63851.8,0.01,1,63851.4,0.01,1,63851.2,0.01,1,63850.7,0.01,1,63850.6,0.01,1,63850.5,0.01,1,63850.4,0.33,2,63850.2,0.01,1,63850.1,1.01,2,63850,0.01,1,63849.9,2.17,1,63849.8,0.02,2,63849.7,0.02,2,63849.6,84.34,3,63849.2,0.01,1,63849.1,0.01,1,63848.8,0.02,2,63848.6,0.01,1,63848.5,0.32,1,63848,0.03,3,63847.9,0.01,1,63847.8,0.01,1,63847.4,0.02,2,63847.3,0.01,1,63852,739.08,23,63852.1,0.02,2,63852.3,0.01,1,63852.4,32.89,4,63852.6,0.01,1,63852.7,0.01,1,63852.8,0.02,2,63853.5,0.03,3,63853.6,0.32,1,63853.7,0.27,2,63853.8,0.01,1,63853.9,1.01,2,63854,0.32,1,63854.1,0.01,1,63854.2,0.01,1,63854.3,0.34,3,63854.4,3.14,2,63854.5,0.02,2,63854.6,3.93,3,63854.7,136.11,3,63854.8,94.93,2,63854.9,0.32,1,63855,0.01,1,63855.1,125.24,7,63855.2,152.87,2,402.62,1290.93,-0.5245,0.1,63851.9
1785253437005,63822.6,332.76,12,63822.5,0.01,1,63822.3,0.01,1,63821.9,0.01,1,63821.8,0.01,1,63821.6,0.05,4,63821.5,0.01,1,63821.1,2.15,3,63821,0.03,3,63820.9,7.08,5,63820.8,167.27,6,63820.6,0.01,1,63820.4,0.01,1,63820.3,0.02,2,63820.2,0.01,1,63820.1,0.01,1,63820,6.49,19,63819.9,21.01,3,63819.8,0.02,2,63819.7,0.01,1,63819.6,0.02,2,63819.3,0.12,1,63819.2,78.38,4,63819.1,330.31,1,63819,0.01,1,63822.7,1402.72,65,63822.8,63.04,5,63822.9,11.01,3,63823.6,0.01,1,63824,0.04,4,63824.2,0.01,1,63824.3,0.01,1,63824.4,0.01,1,63825,0.33,2,63825.1,0.01,1,63825.2,0.02,2,63825.4,0.01,1,63825.7,0.01,1,63825.8,0.03,2,63825.9,163.67,5,63826,35.35,10,63826.6,0.01,1,63826.7,0.01,1,63827,0.01,1,63827.2,0.04,4,63827.3,0.32,1,63827.6,0.33,2,63827.7,0.02,2,63827.8,165.94,6,63827.9,0.12,1,945.82,1843.08,-0.3217,0.1,63822.6
1785258680957,63789.3,106.09,11,63789.2,6.76,3,63789.1,0.01,1,63789,1230.69,3,63788.9,0.01,1,63788.8,0.03,3,63788.7,0.01,1,63788.5,0.01,1,63788.4,4.53,4,63788.1,0.02,2,63788,200.01,2,63787.8,0.01,1,63787.7,0.01,1,63787.4,0.01,1,63787.1,0.03,3,63786.9,0.01,1,63786.5,0.01,1,63786.4,0.01,1,63786.3,0.01,1,63786.2,0.01,1,63786.1,39.15,2,63786,1.08,4,63785.7,0.02,2,63785.6,0.03,3,63785.5,12.01,3,63789.4,1985.15,75,63789.5,97.7,3,63789.8,0.02,1,63789.9,7.07,3,63790,143.79,4,63790.1,26.61,2,63790.2,374.63,2,63790.3,26.76,6,63790.4,0.33,6,63790.5,104.7,1,63790.6,131.54,10,63790.7,1.33,9,63790.8,0.01,1,63790.9,703,3,63791,0.01,1,63791.2,0.02,2,63791.3,30.21,2,63791.4,0.02,2,63791.5,1.11,5,63791.6,0.01,1,63791.8,0.02,2,63791.9,50.02,3,63792,0.02,2,63792.1,0.02,2,63792.3,0.05,2,1600.57,3684.15,-0.3943,0.1,63789.4
1785258711257,63766,790.02,26,63765.9,0.02,2,63765.6,0.32,1,63765.3,0.32,1,63765.2,0.02,2,63765,0.33,2,63764.8,0.01,1,63764.7,0.32,1,63764.6,0.01,1,63764.5,0.05,3,63764.4,0.32,1,63764.2,0.02,1,63764.1,0.32,1,63763.9,0.01,1,63763.8,6.26,6,63763.7,20,1,63763.3,0.01,1,63763.2,0.03,3,63762.9,0.06,5,63762.8,34.06,3,63762.7,175.04,2,63762.6,100.01,3,63762.5,0.02,2,63762.4,0.29,3,63762.1,0.01,1,63766.1,308.66,21,63766.2,12.2,2,63766.4,0.01,1,63766.9,0.03,3,63767.4,0.01,1,63767.6,0.02,2,63767.7,0.02,1,63767.8,7.07,3,63767.9,174.45,3,63768,91.02,1,63768.1,125.85,2,63768.2,0.01,1,63768.3,0.03,3,63768.4,102.95,1,63768.9,151,2,63769,0.03,3,63769.2,0.01,1,63769.6,0.05,5,63770.1,0.03,3,63770.6,0.01,1,63771,38.67,1,63771.1,109.74,10,63771.2,0.21,2,63771.4,0.04,3,63771.6,1.06,1,1127.88,1123.18,0.0021,0.1,63766.1
1785258741557,63804.5,838.03,52,63804.4,47.58,2,63804.2,0.37,1,63804.1,0.33,2,63804,201.01,3,63803.9,0.02,2,63803.8,12.32,3,63803.5,0.32,1,63803,0.01,1,63802.7,0.01,1,63802.5,0.02,2,63801.9,0.01,1,63801.8,0.02,2,63801.6,0.02,2,63801.5,0.03,2,63801.4,0.02,2,63801.3,4.01,2,63801.2,8.01,2,63801.1,0.01,1,63800.9,0.02,2,63800.8,100.01,3,63800.6,0.01,1,63800.4,0.01,1,63800.2,0.02,2,63800.1,8.2,3,63804.6,236.34,16,63804.7,0.01,1,63804.8,0.04,4,63804.9,0.02,1,63805,29.49,2,63805.4,0.09,5,63806,0.02,1,63806.1,35.46,5,63806.2,12.53,3,63806.3,0.02,2,63806.6,0.07,2,63806.7,1.11,2,63806.9,0.01,1,63807,106.57,5,63807.3,0.01,1,63807.4,0.02,1,63807.8,0.01,1,63807.9,0.18,2,63808,0.06,6,63808.1,0.02,2,63808.3,0.01,1,63808.5,0.01,1,63808.6,0.01,1,63808.7,0.01,1,63808.8,0.01,1,1220.42,422.13,0.486,0.1,63804.6
1785258771907,63793,1385.39,60,63792.9,139.69,3,63792.7,0.01,1,63792.6,12.04,3,63792.5,0.01,1,63792,0.04,4,63791.9,151.87,1,63791.8,0.06,5,63791.7,43.61,4,63791.6,1.15,1,63791.5,0.01,1,63791.3,0.02,2,63791.1,0.01,1,63791,0.01,1,63790.8,100,1,63790.4,0.01,1,63790.2,0.01,1,63790.1,0.01,1,63790,218.9,2,63789.9,17,2,63789.6,0.02,2,63789.5,0.01,1,63789.3,0.01,1,63789.2,0.01,1,63789.1,0.27,1,63793.1,73.16,13,63793.2,4.27,3,63793.3,0.03,3,63793.8,0.02,1,63793.9,0.01,1,63794,0.01,1,63794.2,1.1,1,63794.3,0.01,1,63794.6,0.03,3,63794.7,0.01,1,63794.9,0.04,2,63795,1.13,1,63795.1,0.03,1,63795.2,0.02,2,63795.3,0.02,2,63795.4,0.03,2,63795.5,115.35,2,63795.9,0.01,1,63796,0.03,3,63796.4,0.01,1,63796.5,0.02,2,63796.7,0.01,1,63797.1,0.05,4,63797.2,12.55,1,63797.3,0.04,3,2070.17,207.99,0.8174,0.1,63793.1
1785258802207,63820.5,460.48,28,63820.4,128.29,4,63820.2,0.01,1,63820.1,0.34,3,63820,200,1,63819.8,0.33,2,63819.5,0.33,2,63819.4,0.01,1,63819.2,0.32,1,63819,0.02,2,63818.9,20.32,2,63818.8,0.01,1,63818.6,0.34,3,63818.5,0.02,2,63818.4,100.01,2,63818.3,0.33,2,63818.2,0.01,1,63818.1,0.01,1,63818,20,1,63817.9,0.01,1,63817.7,0.01,1,63817.6,0.04,4,63817.5,128.65,3,63817.4,0.01,1,63817.3,4.01,2,63820.6,330.47,19,63820.7,0.03,2,63820.8,1.65,4,63820.9,0.02,2,63821,0.01,1,63821.6,0.01,1,63821.7,0.02,2,63822,0.01,1,63822.2,0.01,1,63822.3,0.03,3,63822.4,0.04,3,63822.5,7.08,4,63822.6,110.99,2,63822.7,96.53,1,63823,0.03,3,63823.1,0.01,1,63823.2,0.01,1,63823.3,261.29,3,63823.7,0.01,1,63823.8,13.82,2,63823.9,0.01,1,63824,0.03,3,63824.4,0.01,1,63824.5,0.02,2,63824.8,0.01,1,1063.91,822.15,0.1282,0.1,63820.6
1785258832557,63775.3,242.24,24,63775.2,0.01,1,63775.1,0.02,2,63775,1.81,5,63774.9,0.03,2,63774.8,0.51,3,63774.7,0.33,2,63774.4,0.33,2,63774.1,0.32,1,63773.9,0.01,1,63773.8,12.34,5,63773.7,0.01,1,63773.5,0.33,2,63773.3,0.02,2,63773.2,0.3,2,63773,0.32,1,63772.9,0.01,1,63772.8,120.67,4,63772.7,0.1,3,63772.6,1.01,2,63772.5,0.22,1,63772.4,0.33,2,63772.3,0.02,2,63772.1,14.11,3,63772,0.01,1,63775.4,659.24,40,63775.5,0.05,4,63775.7,0.02,1,63775.8,23.19,1,63775.9,0.02,1,63776,31.38,4,63776.1,0.01,1,63776.3,0.08,3,63776.4,53,1,63776.5,0.01,1,63776.6,1.13,2,63776.7,1.12,4,63776.9,0.02,2,63777.4,0.01,1,63777.5,0.01,1,63777.7,0.01,1,63777.8,10.02,3,63777.9,0.02,2,63778.2,0.01,1,63778.3,0.03,3,63779,0.02,2,63779.2,0.02,2,63779.5,0.01,1,63779.6,0.02,2,63779.7,6.3,4,395.41,785.75,-0.3305,0.1,63775.4
1785258862857,63776.9,341.12,20,63776.8,4,1,63776.4,0.02,2,63776.3,2.35,1,63776.2,0.01,1,63776.1,0.01,1,63776,200.02,3,63775.5,0.01,1,63775.4,0.01,1,63775.2,0.02,2,63775.1,7.35,1,63775,0.02,2,63774.9,0.03,2,63774.8,0.51,3,63774.7,0.01,1,63774.4,0.02,2,63773.9,0.16,1,63773.8,0.01,1,63773.7,0.01,1,63773.5,0.01,1,63773.3,0.02,2,63773.2,0.3,2,63772.8,12.59,5,63772.7,125.5,3,63772.6,148.78,3,63777,912.57,45,63777.1,0.04,3,63777.2,170.53,4,63777.3,0.22,2,63777.4,309.38,1,63777.5,0.01,1,63777.6,0.02,1,63777.7,13.68,6,63777.8,199,9,63777.9,0.02,2,63778.3,0.04,4,63778.4,0.01,1,63778.5,0.01,1,63778.6,0.68,2,63778.8,0.32,1,63779,0.01,1,63779.2,0.02,2,63779.3,0.34,3,63779.4,1.33,2,63779.5,7.83,2,63779.6,0.33,2,63779.7,0.02,2,63779.9,0.33,2,63780,0.07,3,63780.2,14,2,842.89,1630.81,-0.3185,0.1,63776.9
1785258893157,63773.1,145.23,17,63773,0.01,1,63772.8,0.01,1,63772.1,0.01,1,63771.8,0.01,1,63771.7,0.32,1,63771.6,0.02,2,63770.9,0.02,2,63770.8,0.34,3,63770.7,7.07,4,63770.6,117.81,2,63770.4,0.01,1,63770.3,0.01,1,63770.2,78.73,3,63770.1,108.37,1,63770,13.28,2,63769.8,0.01,1,63769.6,0.03,3,63769.5,0.33,2,63769.4,0.01,1,63769.3,0.01,1,63769.2,0.32,1,63769.1,12.56,2,63769,0.16,1,63768.8,157.94,3,63773.2,831.66,31,63773.3,0.03,3,63773.7,0.33,2,63774,0.06,2,63774.1,0.35,3,63774.2,0.01,1,63774.3,0.02,1,63774.4,42.29,5,63774.5,27.87,4,63774.6,50.7,4,63774.7,0.01,1,63775,0.01,1,63775.1,0.03,3,63775.2,0.22,1,63775.4,0.32,1,63775.5,0.01,1,63775.7,0.32,1,63776,0.35,4,63776.1,0.04,4,63776.3,0.32,1,63776.4,13.76,2,63776.5,7.06,3,63776.6,122.44,2,63776.7,156.66,3,63776.8,264.14,4,642.62,1519.01,-0.4054,0.1,63773.1
1785258923457,63770.2,423.97,41,63770.1,0.07,2,63770,0.01,1,63769.6,0.01,1,63768.9,0.01,1,63768.7,0.03,3,63768.6,12.61,2,63768.1,0.01,1,63768,0.02,2,63767.9,121.11,2,63767.8,216.8,6,63767.5,0.01,1,63767.4,0.32,1,63767.1,150.02,3,63767,167.9,8,63766.9,8.01,2,63766.6,0.26,1,63766.5,0.12,1,63766.4,0.03,3,63766.3,34.57,5,63766.2,83.48,2,63766.1,100,1,63766,0.04,4,63765.9,0.33,2,63765.6,0.01,1,63770.3,714.17,15,63770.4,0.02,2,63770.5,0.01,1,63771,0.01,1,63771.1,0.01,1,63771.3,0.01,1,63771.6,0.01,1,63771.7,0.02,1,63771.8,31.38,6,63771.9,104.82,1,63772,0.01,1,63772.1,0.01,1,63772.4,0.32,1,63772.6,0.02,2,63772.7,0.33,2,63772.8,0.07,6,63772.9,113.76,2,63773,110.43,1,63773.2,0.01,1,63773.3,0.02,1,63773.4,0.01,1,63773.5,0.24,3,63773.6,0.02,2,63774,0.06,2,63774.1,0.35,3,1319.75,1076.12,0.1017,0.1,63770.2
1785264483408,63736.6,1292.94,85,63736.5,0.01,1,63736,0.01,1,63735.6,0.01,1,63735.3,0.01,1,63735.2,0.01,1,63735.1,0.02,2,63735,3.99,1,63734.8,0.01,1,63734.7,1.02,3,63734.6,7.03,4,63734.5,5.09,2,63734.4,0.21,4,63734,0.01,1,63733.9,0.02,2,63733.8,0.04,3,63733.5,0.01,1,63733.3,0.02,2,63733.2,7.73,2,63733,0.01,1,63732.8,0.04,4,63732.7,8,1,63732.6,4,1,63732.4,0.02,2,63732.1,0.01,1,63736.7,505.83,22,63736.8,0.01,1,63737,0.33,2,63737.2,0.01,1,63737.3,0.01,1,63737.5,0.02,1,63737.6,100.03,4,63737.7,0.2,3,63737.8,0.01,1,63738,0.39,4,63738.2,0.01,1,63738.3,0.32,1,63738.5,0.01,1,63738.6,0.33,2,63738.7,0.01,1,63738.8,0.02,1,63738.9,56.2,2,63739,0.01,1,63739.1,0.02,1,63739.2,7.89,3,63739.7,0.01,1,63739.8,0.34,3,63739.9,13.73,2,63740,0.02,2,63740.1,0.32,1,1330.27,686.08,0.3195,0.1,63736.6
1785264513708,63752.3,190.95,13,63752.2,0.01,1,63752,0.01,1,63751.6,0.01,1,63751,0.01,1,63750.8,0.01,1,63750.7,0.01,1,63750.4,0.02,2,63750.2,0.01,1,63750.1,0.03,2,63750,66.85,2,63749.6,0.01,1,63749.4,0.02,2,63749.2,0.01,1,63749.1,0.02,2,63749,1.2,1,63748.7,0.01,1,63748.4,0.02,2,63748.2,0.01,1,63748,0.02,2,63747.9,0.03,2,63747.8,20.88,4,63747.7,69.8,1,63747.5,0.01,1,63747.3,0.01,1,63752.4,595.62,36,63752.5,2.21,2,63752.6,0.01,1,63752.7,0.01,1,63752.8,2.42,2,63753.1,0.34,3,63753.2,2.16,1,63753.3,0.01,1,63753.4,26.71,3,63753.5,70.3,2,63753.6,0.03,3,63753.8,65.21,2,63753.9,0.01,1,63754.1,2.17,2,63754.3,0.01,1,63754.4,1.68,1,63754.5,0.01,1,63754.6,0.02,2,63754.8,2.04,1,63754.9,0.01,1,63755.1,2.25,1,63755.2,0.02,2,63755.4,0.01,1,63755.6,19.72,3,63755.8,15.68,1,349.97,808.66,-0.3959,0.1,63752.4
1785264544008,63757.8,520.95,23,63757.7,0.01,1,63757.1,0.01,1,63756.8,0.01,1,63756.5,0.01,1,63756.3,0.02,2,63756.2,10.02,3,63755.7,0.01,1,63755.6,0.01,1,63755.5,0.02,2,63755.1,0.02,2,63754.9,0.01,1,63754.8,0.01,1,63754.7,1.01,2,63754.6,0.04,4,63754.5,0.01,1,63754,0.01,1,63753.9,0.01,1,63753.8,0.02,2,63753.7,0.01,1,63753.6,12.59,5,63753.5,7.92,2,63753.4,75.29,3,63753.3,169.04,1,63753.1,0.02,2,63757.9,208,20,63758,0.02,2,63758.3,0.32,1,63758.4,0.01,1,63758.5,0.01,1,63758.6,52.59,5,63758.7,16,1,63758.8,0.02,2,63758.9,16.32,2,63759.1,16,1,63759.2,0.34,3,63759.3,16,1,63759.4,0.03,3,63759.5,16.32,2,63759.6,0.01,1,63759.8,0.33,2,63760,67.63,4,63760.1,31.25,3,63760.3,0.01,1,63760.4,0.01,1,63760.5,0.01,1,63760.8,0.01,1,63760.9,0.01,1,63761,62.81,2,63761.1,0.22,1,797.08,504.28,0.225,0.1,63757.9
1785264574408,63754,357.86,19,63753.9,0.01,1,63753.8,0.33,2,63753.7,0.01,1,63753.6,0.03,3,63753.4,0.33,2,63753.2,0.01,1,63753.1,22.38,3,63753,0.01,1,63752.9,49.11,1,63752.8,0.34,2,63752.5,1.31,1,63752.4,0.01,1,63752.3,0.35,4,63752.2,7.06,2,63752.1,110.19,1,63752,65.35,5,63751.9,4.01,2,63751.7,0.01,1,63751.6,0.4,4,63751.5,0.01,1,63751.2,49.44,3,63751.1,4,1,63751,0.01,1,63750.8,170.95,4,63754.1,28.7,9,63754.2,0.02,2,63754.9,0.5,1,63755.8,0.01,1,63756.4,0.01,1,63756.5,0.01,1,63756.6,0.01,1,63756.8,0.01,1,63757.1,0.01,1,63757.2,16.02,3,63757.3,0.01,1,63757.5,0.01,1,63757.6,3.16,3,63757.7,6.27,1,63757.8,65.33,3,63757.9,52.17,2,63758,150,1,63758.1,3.72,3,63758.2,0.02,2,63758.3,0.01,1,63758.5,0.01,1,63758.6,0.03,3,63759,0.01,1,63759.3,0.01,1,63759.4,0.01,1,843.52,326.07,0.4424,0.1,63754.1
1785264604708,63752.4,247.45,21,63752.3,0.01,1,63752.2,0.01,1,63751.7,0.01,1,63751.4,0.01,1,63751.1,0.01,1,63751,0.02,2,63750.9,0.02,2,63750.4,0.03,3,63750.3,46.78,3,63750.2,0.01,1,63749.7,0.01,1,63749.6,0.02,2,63749.3,0.03,2,63749.1,0.02,2,63748.8,0.01,1,63748.7,0.81,3,63748.5,0.02,2,63748.4,1.64,3,63748.3,0.01,1,63748.2,0.02,2,63748.1,65.19,1,63747.9,0.01,1,63747.6,0.01,1,63747.5,0.01,1,63752.5,304.69,23,63752.6,0.01,1,63752.8,0.01,1,63752.9,3.41,3,63753,16.01,2,63753.1,19.14,2,63753.2,16.34,4,63753.3,65.7,1,63753.4,124.34,2,63753.5,0.32,1,63753.6,0.03,3,63753.7,16.01,2,63753.8,16.34,4,63753.9,51.53,4,63754,2.76,2,63754.1,0.34,3,63754.5,0.01,1,63754.6,0.01,1,63754.8,0.01,1,63755,0.02,2,63755.1,0.22,1,63755.5,65.7,1,63755.6,156.91,3,63755.7,13.73,1,63755.8,0.01,1,362.17,873.6,-0.4139,0.1,63752.4
1785264635008,63746,166.16,16,63745.9,0.02,2,63745.5,0.01,1,63745.4,0.01,1,63745.3,0.02,2,63745.1,0.02,2,63745,0.05,2,63744.8,0.01,1,63744.5,0.01,1,63744.4,4.82,3,63744.3,16,1,63744.2,0.02,2,63744,0.05,5,63743.9,0.03,3,63743.8,58.75,3,63743.7,2.74,2,63743.6,0.02,2,63743.2,0.01,1,63743.1,0.32,1,63743,0.01,1,63742.6,0.02,2,63742.5,0.02,2,63742.4,0.32,1,63742.3,1.74,2,63742.1,51.7,2,63746.1,409.88,28,63746.2,130.4,3,63746.7,1,1,63747.1,0.01,1,63747.2,150.02,3,63747.3,0.01,1,63747.4,0.01,1,63747.6,0.02,2,63747.7,0.74,1,63747.8,0.01,1,63748,0.03,3,63748.1,10.01,2,63748.2,0.33,2,63748.3,0.76,3,63748.4,0.01,1,63748.6,0.33,2,63748.9,0.32,1,63749.2,0.34,3,63749.4,0.03,3,63749.5,8.45,4,63749.6,150,1,63749.7,17.01,3,63749.9,0.01,1,63750,62.9,6,63750.2,0.01,1,302.88,942.64,-0.5136,0.1,63746.1
1785264665308,63752.7,918.98,38,63752.6,0.33,2,63752.5,0.01,1,63752.3,0.32,1,63752,0.34,3,63751.7,0.32,1,63751.4,0.01,1,63751.3,0.33,2,63751.2,0.03,3,63751,0.32,1,63750.7,0.32,1,63750.6,0.04,3,63750.5,19.27,3,63750.4,64.44,4,63750.3,91.91,1,63750.2,151.87,1,63750.1,0.32,1,63750,1.01,2,63749.9,44.53,7,63749.8,0.32,1,63749.7,0.01,1,63749.6,0.01,1,63749.5,17,2,63749.4,0.33,2,63749.3,1.36,2,63752.8,25.89,12,63752.9,2.09,8,63753.1,0.01,1,63753.5,0.09,1,63753.6,0.02,2,63753.8,0.01,1,63753.9,0.01,1,63754,0.01,1,63754.6,0.01,1,63754.7,0.01,1,63754.8,0.01,1,63754.9,0.01,1,63755.3,0.01,1,63755.4,0.01,1,63755.6,0.01,1,63756,0.07,3,63756.1,0.29,2,63756.2,0.01,1,63756.3,0.31,3,63756.4,22.65,5,63756.5,64.71,3,63756.8,0.04,4,63756.9,0.01,1,63757,0.01,1,63757.2,0.02,2,1313.73,116.32,0.8373,0.1,63752.8
1785264695608,63769.1,1651.21,93,63769,600.05,4,63768.9,6.69,1,63768.6,0.03,2,63768.5,8.22,6,63768.4,3.14,2,63767.7,0.32,1,63767.6,0.04,4,63767.4,1.34,1,63767.2,0.01,1,63766.9,0.01,1,63766.8,1.01,2,63766.7,17.35,6,63766.5,0.03,2,63766.4,0.04,4,63766.3,7.96,2,63765.7,9.69,7,63765.4,0.01,1,63765.2,0.01,1,63765,0.02,2,63764.6,0.01,1,63764.4,0.07,3,63764.3,0.35,4,63764.2,0.01,1,63764,0.01,1,63769.2,4.39,9,63769.3,0.01,1,63769.4,0.01,1,63769.5,0.01,1,63769.6,0.03,3,63769.8,0.01,1,63770,0.07,2,63770.1,0.02,2,63770.2,16.01,2,63770.3,0.04,1,63770.4,0.08,1,63770.6,0.02,2,63770.7,0.04,1,63770.9,0.01,1,63771,0.01,1,63771.1,0.01,1,63771.2,0.02,1,63771.7,0.02,2,63771.9,0.01,1,63772.1,0.02,2,63772.2,3.12,2,63772.3,7.91,1,63772.4,0.03,3,63772.5,28,3,63772.6,6.28,2,2307.63,66.18,0.9442,0.1,63769.1
1785264725908,63745,3.81,8,63744.9,0.01,1,63744.4,0.01,1,63744.3,0.01,1,63744.2,0.01,1,63744,0.04,4,63743.9,0.01,1,63743.8,0.01,1,63743.2,0.01,1,63742.6,0.01,1,63742.5,0.02,2,63742.3,0.1,1,63742,0.06,1,63741.9,0.01,1,63741.7,0.01,1,63741.6,0.01,1,63741.5,0.02,2,63741.2,0.01,1,63741,0.01,1,63740.8,0.06,5,63740.4,0.01,1,63740.1,0.01,1,63740,0.01,1,63739.9,0.01,1,63739.8,0.04,4,63745.1,1140.5,57,63745.2,234.69,4,63745.3,29.79,5,63745.4,0.04,3,63745.5,5,1,63745.9,0.08,2,63746,8.91,3,63746.3,0.01,1,63746.4,0.01,1,63746.5,0.06,1,63746.6,156.9,2,63746.7,62.83,2,63746.8,0.01,1,63746.9,1.41,2,63747,0.01,1,63747.1,26.69,1,63747.2,0.02,2,63747.3,0.01,1,63747.4,0.01,1,63747.5,1.4,1,63747.7,0.01,1,63747.8,0.01,1,63747.9,25.03,5,63748,303.98,3,63748.1,0.01,1,4.32,1997.42,-0.9957,0.1,63745.1
1785269513459,63926,387.4,28,63925.9,0.01,1,63925.8,0.35,4,63925.3,0.36,2,63925.2,1.03,3,63925.1,1.98,2,63924.9,0.32,1,63924.7,0.01,1,63924.6,0.01,1,63924.5,0.34,3,63924.4,0.01,1,63924.3,0.01,1,63924.2,1.01,2,63924.1,0.01,1,63924,0.76,4,63923.8,0.01,1,63923.7,0.34,3,63923.6,0.03,2,63923.5,5,1,63923.3,0.33,2,63923.2,0.02,2,63923.1,0.04,3,63923,5.33,3,63922.9,6.9,4,63922.8,114.23,4,63926.1,535.11,28,63926.2,1.04,10,63926.4,0.04,4,63926.7,0.34,3,63927.1,0.01,1,63927.2,0.01,1,63927.3,0.33,2,63927.4,1.09,2,63927.6,0.01,1,63927.7,0.32,1,63927.8,0.02,2,63927.9,0.01,1,63928,0.03,3,63928.1,0.01,1,63928.2,0.49,4,63928.3,0.01,1,63928.5,0.22,4,63928.6,5.25,5,63928.7,108.14,4,63928.8,0.01,1,63928.9,0.01,1,63929,0.02,2,63929.2,0.01,1,63929.3,13.63,4,63929.4,18.97,2,525.84,685.13,-0.1315,0.1,63926.1
1785269543759,63929.9,1235.57,57,63929.8,214.74,7,63929.7,1,1,63929.6,0.02,2,63929.4,0.32,1,63929.1,0.01,1,63928.7,0.32,1,63928.6,0.01,1,63928.4,0.04,2,63928.3,0.34,3,63928.2,0.03,2,63928.1,22,3,63928,0.01,1,63927.8,0.04,2,63927.7,0.33,2,63927.6,0.04,3,63927.5,46.3,2,63927.3,0.33,2,63927.1,0.64,3,63927,205.38,6,63926.9,12.97,10,63926.8,0.01,1,63926.7,102.01,4,63926.6,1.62,3,63926.5,1,1,63930,486.94,21,63930.1,0.71,4,63930.3,0.01,1,63930.4,5,2,63930.5,0.01,1,63930.6,0.01,1,63930.7,0.02,2,63930.8,0.1,1,63930.9,1.04,3,63931,0.03,2,63931.4,0.1,5,63931.5,0.03,3,63931.6,0.5,1,63931.7,0.01,1,63931.8,4.92,3,63931.9,0.17,1,63932,0.22,5,63932.1,0.01,1,63932.3,0.02,1,63932.4,0.01,1,63932.5,0.42,5,63932.7,0.03,2,63932.8,0.03,3,63932.9,1,1,63933.2,1.18,3,1845.08,502.52,0.5719,0.1,63929.9
1785269574059,63931.7,382.34,29,63931.6,0.03,2,63931.5,10.87,2,63931.4,35.8,1,63931,0.01,1,63930.4,0.01,1,63930.3,0.02,2,63930.2,0.34,1,63930,0.06,3,63929.9,0.03,3,63929.8,0.02,2,63929.6,0.03,3,63929.5,0.01,1,63929.3,0.35,2,63929.2,0.39,1,63929.1,0.04,3,63929,5,1,63928.8,0.01,1,63928.6,0.01,1,63928.4,0.01,1,63928.3,0.41,5,63928.2,3.92,2,63928.1,12.53,2,63928,162.44,4,63927.8,0.01,1,63931.8,582.51,21,63931.9,0.5,3,63932,0.22,5,63932.3,0.34,2,63932.4,0.01,1,63932.5,0.2,4,63932.6,0.32,1,63932.7,0.03,2,63932.8,0.03,3,63933,0.32,1,63933.2,0.02,2,63933.3,0.5,12,63933.7,0.32,1,63933.8,0.46,4,63933.9,0.54,3,63934,0.33,2,63934.1,0.01,1,63934.2,0.11,4,63934.3,0.32,1,63934.5,0.09,3,63934.6,0.01,1,63934.7,0.01,1,63934.8,0.34,3,63934.9,42.25,2,63935,14.16,5,614.69,643.95,-0.0232,0.1,63931.8
1785269604459,63948.9,1771.28,96,63948.8,0.05,4,63948.2,0.03,2,63948.1,74.28,1,63948,0.01,1,63947.9,0.01,1,63947.8,1,1,63947.7,0.03,2,63947.6,18.67,9,63947.4,0.01,1,63947.3,0.87,2,63947.2,0.59,3,63947,0.33,1,63946.9,0.25,1,63946.8,0.02,1,63946.7,2.97,2,63946.6,0.01,1,63946.5,5.39,6,63946.4,0.32,1,63946.3,0.01,1,63946.2,0.01,1,63946.1,12.81,3,63946,205.71,6,63945.8,12.01,3,63945.6,0.41,4,63949,62.27,13,63949.1,0.03,3,63949.2,36.02,3,63949.4,0.01,1,63949.5,0.04,3,63949.6,0.05,3,63949.8,1,1,63949.9,0.01,1,63950,8.39,36,63950.1,0.3,2,63950.3,0.05,3,63950.4,0.02,2,63950.5,1.71,4,63950.8,0.01,1,63950.9,0.03,1,63951,0.03,3,63951.1,0.23,3,63951.2,0.01,1,63951.3,0.01,1,63951.5,0.02,2,63951.6,5.93,2,63951.7,0.06,5,63952,0.17,9,63952.1,0.05,1,63952.2,0.42,3,2107.08,116.87,0.8949,0.1,63948.9
1785269634759,63956.6,290.8,26,63956.5,0.18,4,63956.4,1.56,1,63956.2,0.34,1,63956,0.01,1,63955.9,0.73,2,63955.8,0.01,1,63955.6,0.41,2,63955.5,0.08,4,63955.4,3.64,1,63955.3,0.01,1,63955.2,0.02,2,63955.1,0.46,3,63955,0.06,2,63954.9,0.03,3,63954.5,0.01,1,63954.4,0.04,3,63954.3,5.25,1,63954.2,0.01,1,63954.1,0.03,2,63954,5.01,2,63953.9,0.01,1,63953.6,0.01,1,63953.5,1.78,2,63953.3,0.01,1,63956.7,458.47,27,63956.8,0.03,3,63956.9,50.42,3,63957.1,0.01,1,63957.2,0.03,2,63957.3,0.02,2,63957.6,0.02,2,63957.7,0.18,2,63957.8,0.33,2,63957.9,0.23,4,63958,0.03,3,63958.1,0.35,3,63958.2,0.01,1,63958.3,0.04,2,63958.4,0.37,5,63958.5,0.01,1,63958.7,0.12,4,63958.8,0.35,4,63958.9,0.05,1,63959,0.33,1,63959.1,0.41,3,63959.3,0.01,1,63959.4,108.08,5,63959.5,0.32,1,63959.6,0.01,1,310.5,620.23,-0.3328,0.1,63956.6
1785269665059,63951.3,831.89,43,63951.2,81.82,3,63950.7,0.01,1,63950.5,0.32,1,63950.4,0.9,3,63950.3,0.06,3,63950.2,4.96,5,63950.1,15.81,4,63950,0.01,1,63949.9,0.02,2,63949.8,0.01,1,63949.6,0.33,2,63949.5,1.03,2,63949.4,0.01,1,63949.3,3.92,1,63949.2,0.01,1,63949.1,104.91,5,63949,157.21,5,63948.9,17.17,13,63948.8,0.04,4,63948.7,0.01,1,63948.6,18.89,3,63948.5,5,1,63948.4,0.02,2,63948.3,1,1,63951.4,62.67,16,63951.5,0.02,2,63951.6,0.03,3,63951.7,5.17,2,63952,0.01,1,63953.1,0.01,1,63953.4,0.01,1,63953.5,0.12,2,63953.8,1.08,2,63954,0.02,2,63954.1,0.01,1,63954.3,0.01,1,63954.5,0.02,2,63954.6,0.01,1,63954.7,0.01,1,63955,0.01,1,63955.1,97.54,2,63955.2,0.01,1,63955.4,0.03,3,63955.5,0.06,1,63955.7,0.01,1,63955.9,0.01,1,63956,0.01,1,63956.2,0.01,1,63956.4,0.03,3,1245.36,166.92,0.7636,0.1,63951.4
1785269695359,63958.6,494.3,23,63958.5,0.02,2,63958.4,0.03,3,63958.1,0.32,1,63958,0.01,1,63957.8,0.34,3,63957.7,0.01,1,63957.5,0.32,1,63957.2,0.34,3,63957.1,0.01,1,63957,14,1,63956.9,0.29,1,63956.8,0.05,5,63956.7,6.9,4,63956.6,105.69,1,63956.5,102.4,3,63956.4,0.02,2,63956.3,0.01,1,63956.1,1.39,1,63956,238.98,3,63955.9,93.88,2,63955.7,0.01,1,63955.6,16.31,1,63955.5,0.02,1,63955.4,0.01,1,63958.7,193.34,15,63958.8,0.01,1,63959.2,0.02,1,63959.3,150,1,63960,0.01,1,63960.2,0.01,1,63960.6,0.02,2,63960.8,0.01,1,63960.9,0.03,2,63961,14,1,63961.1,0.03,2,63961.2,14,1,63961.3,0.01,1,63961.4,0.01,1,63961.5,0.01,1,63961.6,0.02,2,63961.7,0.02,2,63961.8,150.01,2,63961.9,0.01,1,63962,0.01,1,63962.5,0.01,1,63962.6,0.01,1,63962.8,0.01,1,63962.9,150,1,63963,0.04,4,1075.66,671.65,0.2312,0.1,63958.6
1785269725659,63952.3,476.5,28,63952.2,0.31,4,63952.1,0.01,1,63952,1.61,3,63951.7,0.01,1,63951.5,0.01,1,63951.2,0.01,1,63951,0.03,3,63950.9,13.04,1,63950.8,0.01,1,63950.4,0.02,2,63950.3,0.01,1,63950.2,13.05,2,63950.1,0.01,1,63950,0.01,1,63949.8,12.51,1,63949.6,6.89,3,63949.5,79.08,3,63949.2,0.3,2,63949.1,119.36,2,63949,156.4,2,63948.8,214.7,5,63948.7,0.32,1,63948.4,0.04,4,63948.3,0.33,2,63952.4,529.58,30,63952.5,0.01,1,63952.8,0.01,1,63952.9,0.02,1,63953,14.02,2,63953.1,14.04,4,63953.2,14.33,3,63953.3,14.01,2,63953.4,150.11,2,63953.5,0.03,3,63953.7,0.33,2,63953.9,0.02,2,63954,0.36,3,63954.3,0.33,2,63954.6,0.02,2,63954.8,0.01,1,63955,0.01,1,63955.1,0.01,1,63955.2,0.36,5,63955.3,2.25,2,63955.4,0.03,3,63955.5,3.93,1,63955.7,0.33,2,63955.8,0.01,1,63956,0.01,1,1094.57,744.17,0.1906,0.1,63952.4
1785269755959,63967.9,235.52,10,63967.8,0.03,3,63967.7,0.01,1,63967.2,0.01,1,63967.1,14.52,3,63967,16.45,1,63966.6,0.01,1,63966.5,0.02,2,63966.4,16.48,4,63966,0.04,2,63965.7,0.02,2,63965.5,0.01,1,63965.3,0.01,1,63965,0.01,1,63964.9,3.94,4,63964.8,15.52,6,63964.7,99.84,3,63964.6,1.18,2,63964.5,156.69,3,63964.4,216.92,1,63964.3,0.01,1,63964.2,0.02,2,63964.1,16.31,1,63964,0.01,1,63963.8,0.01,1,63968,1366.82,81,63968.1,1.01,6,63968.4,0.32,1,63969.1,0.32,1,63969.3,0.01,1,63969.5,0.33,2,63969.8,0.32,1,63969.9,0.03,3,63970,151.09,3,63970.1,0.02,2,63970.2,0.09,3,63970.4,0.33,2,63970.6,0.03,2,63970.7,0.33,2,63971.1,0.32,1,63971.2,0.02,2,63971.3,0.01,1,63971.4,0.01,1,63971.5,0.01,1,63971.6,0.01,1,63971.7,0.01,1,63971.8,62.6,1,63971.9,0.33,2,63972,0.03,3,63972.1,0.01,1,793.59,1584.41,-0.3326,0.1,63967.9
