timestamp_ms,side,price,size,trade_id
1781345324559,buy,63782.4,0.0037671,1020094984
1781345324402,buy,63782.4,0.00125112,1020094983
1781345323704,buy,63782.4,0.00022733,1020094982
1781345323542,buy,63782.4,0.00001553,1020094981
1781345322241,sell,63782.3,0.00005456,1020094980
1781345320408,sell,63782.3,0.0002271,1020094979
1781345319243,buy,63782.4,0.00001714,1020094978
1781345316828,buy,63782.4,0.00022733,1020094977
1781345316042,buy,63782.4,0.00001244,1020094976
1781345314231,buy,63782.4,0.09822333,1020094975
1781345314231,buy,63782.4,0.00276976,1020094974
1781345313665,sell,63782.3,0.00022867,1020094973
1781345312642,buy,63782.4,0.00001328,1020094972
1781345312033,sell,63782.3,0.00037966,1020094971
1781345311998,sell,63782.3,0.00098557,1020094970
1781345311838,buy,63782.4,0.00025595,1020094969
1781345310563,sell,63782.3,0.00045945,1020094968
1781345310074,buy,63782.4,0.0002289,1020094967
1781345309543,buy,63782.4,0.00001216,1020094966
1781345308543,buy,63782.4,0.00039195,1020094965
1781345307777,sell,63782.3,0.00002,1020094964
1781345307190,sell,63782.3,0.00022867,1020094963
1781345306844,buy,63782.4,0.00001071,1020094962
1781345304683,buy,63782.4,0.06090954,1020094961
1781345304242,buy,63782.4,0.00001035,1020094960
1781345303523,buy,63782.4,0.0002289,1020094959
1781345300043,buy,63782.4,0.00001654,1020094958
1781345299955,sell,63782.3,0.00022867,1020094957
1781345298709,sell,63782.3,0.00208511,1020094956
1781345298088,sell,63782.3,0.00386847,1020094955
1781345295758,buy,63782.4,0.00065221,1020094954
1781345295343,buy,63782.4,0.00001878,1020094953
1781345294587,buy,63782.4,0.0002289,1020094952
1781345291843,buy,63782.4,0.00001389,1020094951
1781345291668,sell,63782.3,0.00391263,1020094950
1781345289503,buy,63782.4,0.00107082,1020094949
1781345287343,buy,63782.4,0.00001774,1020094948
1781345287232,sell,63782.3,0.000157,1020094947
1781345286886,buy,63782.4,0.02271786,1020094946
1781345284428,sell,63782.3,0.00115119,1020094945
1781345283842,buy,63782.4,0.00001376,1020094944
1781345280642,buy,63782.4,0.00001273,1020094943
1781345277442,buy,63782.4,0.00001271,1020094942
1781345276917,buy,63782.4,0.00404583,1020094941
1781345275860,sell,63782.3,0.00015662,1020094940
1781345274443,buy,63782.4,0.00001173,1020094939
1781345272841,sell,63782.3,0.00228577,1020094938
1781345270161,buy,63782.4,0.00343982,1020094937
1781345269342,buy,63782.4,0.00001999,1020094936
1781345269281,buy,63782.4,0.0203912,1020094935
1781345265948,buy,63782.4,0.00370635,1020094934
1781345265243,buy,63782.4,0.00001633,1020094933
1781345262834,buy,63782.4,0.00115235,1020094932
1781345262543,buy,63782.4,0.00001041,1020094931
1781345261834,buy,63782.4,0.00007839,1020094930
1781345259530,sell,63782.3,0.00119038,1020094929
1781345258870,buy,63782.4,0.10099308,1020094928
1781345258543,buy,63782.4,0.00001597,1020094927
1781345255482,buy,63782.4,0.00156783,1020094926
1781345254042,buy,63782.4,0.0000176,1020094925
1781345252771,buy,63782.4,0.00003135,1020094924
1781345252751,buy,63782.4,0.00015678,1020094923
1781345251591,sell,63782.3,0.01390256,1020094922
1781345250643,buy,63782.4,0.00001353,1020094921
1781345250325,buy,63782.4,0.02871168,1020094920
1781345249897,sell,63782.3,0.03387513,1020094919
1781345248718,sell,63782.3,0.00031421,1020094918
1781345247665,sell,63782.3,0.0010814,1020094917
1781345247442,buy,63782.4,0.0000125,1020094916
1781345246973,buy,63782.4,0.00338232,1020094915
1781345246960,buy,63782.4,0.00007839,1020094914
1781345245847,buy,63782.4,0.00838789,1020094913
1781345245147,sell,63782.3,0.00023145,1020094912
1781345244243,buy,63782.4,0.00001248,1020094911
1781345242232,sell,63782.3,0.00024998,1020094910
1781345239803,buy,63782.4,0.00006271,1020094909
1781345239243,buy,63782.4,0.00001982,1020094908
1781345236692,sell,63782.3,0.00001357,1020094907
1781345234743,buy,63782.4,0.00001778,1020094906
1781345234394,buy,63782.4,0.0005,1020094905
1781345232540,buy,63780,0.00061777,1020094904
1781345232540,buy,63779.7,0.00001576,1020094903
1781345232540,buy,63779.6,0.00016,1020094902
1781345232540,buy,63779.3,0.00046015,1020094901
1781345232540,buy,63777.6,0.0000422,1020094900
1781345232540,buy,63777.6,0.00005521,1020094899
1781345232540,buy,63777,0.0006178,1020094898
1781345232540,buy,63776.9,0.00001576,1020094897
1781345232540,buy,63776.1,0.0000329,1020094896
1781345232540,buy,63776.1,0.00015696,1020094895
1781345232540,buy,63776.1,0.00018892,1020094894
1781345229943,buy,63776.1,0.00001896,1020094893
1781345229403,buy,63776.1,0.00004703,1020094892
1781345229180,buy,63776.1,0.00313597,1020094891
1781345226043,buy,63776.1,0.00001557,1020094890
1781345223555,buy,63776.1,0.00016683,1020094889
1781345223130,buy,63776.1,0.00018659,1020094888
1781345222372,buy,63776.1,0.00025024,1020094887
1781345221383,buy,63776.1,0.00062562,1020094886
1781345221368,buy,63776.1,0.00062712,1020094885
1781345378242,buy,63756.9,0.00001193,1020095099
1781345374664,buy,63756.9,0.00069835,1020095098
1781345374556,buy,63756.9,0.00001882,1020095097
1781345373743,buy,63756.9,0.00001794,1020095096
1781345371462,sell,63756.8,0.00000001,1020095095
1781345371462,sell,63759.6,0.0011,1020095094
1781345371458,sell,63756.7,0.00110001,1020095093
1781345371458,sell,63757.3,0.00001576,1020095092
1781345371458,sell,63758,0.0005,1020095091
1781345371458,sell,63758.7,0.00061795,1020095090
1781345371458,sell,63759.3,0.00046015,1020095089
1781345371458,sell,63759.6,0.00016,1020095088
1781345371458,sell,63760.1,0.00001576,1020095087
1781345371458,sell,63761.4,0.00018869,1020095086
1781345370973,sell,63761.7,0.00061792,1020095085
1781345370973,sell,63764.8,0.0012,1020095084
1781345370973,sell,63764.8,0.0011,1020095083
1781345370973,sell,63764.8,0.00027054,1020095082
1781345370973,sell,63764.8,0.03134063,1020095081
1781345368742,buy,63764.9,0.00001999,1020095080
1781345366589,buy,63764.9,0.00369337,1020095079
1781345365775,buy,63764.9,0.0001725,1020095078
1781345364644,buy,63764.9,0.00001632,1020095077
1781345363855,sell,63764.8,0.00045937,1020095076
1781345362839,sell,63764.8,0.001097,1020095075
1781345362839,sell,63763.7,0.00288139,1020095074
1781345362839,sell,63764.6,0.00016,1020095073
1781345362839,sell,63764.8,0.00061789,1020095072
1781345362837,sell,63765.7,0.00001576,1020095071
1781345362834,sell,63765.9,0.00288611,1020095070
1781345362834,sell,63767.8,0.00061786,1020095069
1781345362832,sell,63767.9,0.00087278,1020095068
1781345362832,sell,63767.9,0.00022422,1020095067
1781345362703,sell,63767.9,0.00034131,1020095066
1781345362203,buy,63768,0.00006272,1020095065
1781345360142,buy,63768,0.00001792,1020095064
1781345359996,buy,63768,0.00161366,1020095063
1781345356642,buy,63768,0.00001372,1020095062
1781345355673,buy,63768,0.00014897,1020095061
1781345355605,sell,63767.9,0.00096381,1020095060
1781345353203,buy,63768,0.05162189,1020095059
1781345352684,buy,63768,0.11922908,1020095058
1781345352142,buy,63768,0.0000179,1020095057
1781345351903,buy,63768,0.00640132,1020095056
1781345351890,sell,63767.9,0.00015194,1020095055
1781345351506,buy,63768,0.00144418,1020095054
1781345350679,buy,63768,0.00108114,1020095053
1781345350208,sell,63767.9,0.00880384,1020095052
1781345350208,sell,63767.9,0.0012,1020095051
1781345349376,buy,63768,0.00061944,1020095050
1781345349246,buy,63768,0.00095594,1020095049
1781345349123,buy,63768,0.00159954,1020095048
1781345348843,buy,63768,0.00001306,1020095047
1781345348723,buy,63768,0.00001097,1020095046
1781345347802,buy,63768,0.00156817,1020095045
1781345347802,buy,63768,0.00000001,1020095044
1781345347251,sell,63768.5,0.00001576,1020095043
1781345347251,sell,63769.6,0.00016,1020095042
1781345347251,sell,63770,0.00011405,1020095041
1781345347251,sell,63770.9,0.00061783,1020095040
1781345347251,sell,63771.3,0.00001576,1020095039
1781345346602,sell,63773,0.00001141,1020095038
1781345346516,buy,63773.1,0.00013642,1020095037
1781345345758,sell,63773.3,0.00000075,1020095036
1781345345758,sell,63773.3,0.00039324,1020095035
1781345345758,sell,63773.8,0.00039399,1020095034
1781345345758,sell,63773.9,0.0006178,1020095033
1781345345758,sell,63774.2,0.00001576,1020095032
1781345345758,sell,63774.3,0.00039399,1020095031
1781345345758,sell,63774.6,0.00016,1020095030
1781345345758,sell,63776.2,0.01568827,1020095029
1781345345758,sell,63777,0.00061777,1020095028
1781345345758,sell,63777,0.00001576,1020095027
1781345345758,sell,63779.9,0.13360949,1020095026
1781345345743,buy,63780,0.00001217,1020095025
1781345345274,sell,63779.9,0.00376711,1020095024
1781345345117,buy,63780,0.00023183,1020095023
1781345344674,sell,63779.9,0.00549,1020095022
1781345343330,buy,63780,0.00986829,1020095021
1781345342643,buy,63780,0.00001231,1020095020
1781345342237,buy,63780,0.000439,1020095019
1781345341981,sell,63779.9,0.00183039,1020095018
1781345341974,buy,63780,0.00056144,1020095017
1781345339742,buy,63780,0.00001147,1020095016
1781345336942,buy,63780,0.00001083,1020095015
1781345336885,buy,63780,0.00001566,1020095014
1781345336885,buy,63780,0.00000001,1020095013
1781345336494,sell,63782.3,0.00001567,1020095012
1781345336494,sell,63782.3,0.00001567,1020095011
1781345336492,sell,63782.4,1.78392245,1020095010
1781345336486,sell,63782.4,0.00885226,1020095009
1781345336486,sell,63782.4,0.159,1020095008
1781345336485,sell,63782.4,0.0066214,1020095007
1781345336471,sell,63782.4,0.01069167,1020095006
1781345336470,sell,63782.4,0.01034323,1020095005
1781345336470,sell,63782.7,0.01643676,1020095004
1781345336470,sell,63782.7,0.01430399,1020095003
1781345336467,buy,63782.8,0.0088331,1020095002
1781345333799,buy,63782.8,0.00156782,1020095001
1781345332443,buy,63782.8,0.00001778,1020095000
1781345435662,buy,63750.1,0.003621,1020095176
1781345435204,buy,63750.1,0.00116932,1020095175
1781345435080,sell,63750,0.00018647,1020095174
1781345433204,buy,63750.1,0.00317421,1020095173
1781345431642,buy,63750.1,0.00001719,1020095172
1781345429894,buy,63750.1,0.00018666,1020095171
1781345429608,buy,63750.1,0.00003137,1020095170
1781345428243,buy,63750.1,0.00001335,1020095169
1781345425397,buy,63750.1,0.00015698,1020095168
1781345424743,buy,63750.1,0.0000138,1020095167
1781345424355,sell,63750,0.0062745,1020095166
1781345424031,sell,63750,0.00018648,1020095165
1781345423910,buy,63750.1,0.0070482,1020095164
1781345421442,buy,63750.1,0.00001285,1020095163
1781345420586,buy,63750.1,0.00210666,1020095162
1781345418983,buy,63750.1,0.00018666,1020095161
1781345417342,buy,63750.1,0.00001625,1020095160
1781345416173,buy,63750.1,0.00313411,1020095159
1781345415308,sell,63750,0.00022566,1020095158
1781345414169,sell,63750,0.00018647,1020095157
1781345414142,buy,63750.1,0.00001246,1020095156
1781345414056,buy,63750.1,0.00019315,1020095155
1781345412528,buy,63750.1,0.00092086,1020095154
1781345412485,buy,63750.1,0.00022588,1020095153
1781345411757,buy,63750.1,0.00032941,1020095152
1781345411113,buy,63750.1,0.00017463,1020095151
1781345410943,buy,63750.1,0.00001244,1020095150
1781345409613,sell,63750,0.00022565,1020095149
1781345409219,buy,63750.1,0.00018666,1020095148
1781345408277,buy,63750.1,0.00015698,1020095147
1781345408143,buy,63750.1,0.00001102,1020095146
1781345406874,buy,63750.1,0.00022588,1020095145
1781345405944,buy,63750.1,0.00014588,1020095144
1781345405453,buy,63750.1,0.00028963,1020095143
1781345404529,buy,63750.1,0.00177907,1020095142
1781345404236,sell,63750,0.00022722,1020095141
1781345403643,buy,63750.1,0.00001774,1020095140
1781345402546,buy,63750.1,0.00023546,1020095139
1781345401869,sell,63750,0.0001864,1020095138
1781345401671,sell,63750,0.00687574,1020095137
1781345401580,buy,63750.1,0.00022745,1020095136
1781345401391,buy,63750.1,0.00335056,1020095135
1781345400851,buy,63750.1,0.00018837,1020095134
1781345399154,sell,63750,0.00010721,1020095133
1781345399154,sell,63750,0.00012002,1020095132
1781345398843,buy,63750.1,0.00001915,1020095131
1781345397761,buy,63750.1,0.00029341,1020095130
1781345396630,buy,63750.1,0.00014128,1020095129
1781345396500,buy,63750.1,0.00022745,1020095128
1781345396435,sell,63751.7,0.00001576,1020095127
1781345396435,sell,63752.6,0.00061801,1020095126
1781345396435,sell,63753.8,0.00003916,1020095125
1781345394842,buy,63753.9,0.00001563,1020095124
1781345391763,buy,63756.3,0.00039399,1020095123
1781345391763,buy,63756.1,0.00039399,1020095122
1781345391763,buy,63755.1,0.00006159,1020095121
1781345391763,buy,63755.1,0.00015227,1020095120
1781345391763,buy,63755.1,0.00001868,1020095119
1781345391763,buy,63753.9,0.002,1020095118
1781345391763,buy,63753.9,0.001781,1020095117
1781345391763,buy,63753.9,0.018219,1020095116
1781345390643,buy,63753.9,0.0000165,1020095115
1781345388244,sell,63753.8,0.00369338,1020095114
1781345388010,buy,63753.9,0.00047055,1020095113
1781345387442,buy,63753.9,0.00001269,1020095112
1781345385623,buy,63753.9,0.00047369,1020095111
1781345385561,sell,63753.8,0.00323269,1020095110
1781345384243,buy,63753.9,0.00001268,1020095109
1781345384243,buy,63753.9,0.00000001,1020095108
1781345383460,sell,63753.8,0.00014882,1020095107
1781345382551,sell,63753.8,0.00025963,1020095106
1781345381808,sell,63754.5,0.00001576,1020095105
1781345381808,sell,63754.6,0.00016,1020095104
1781345381808,sell,63755.2,0.00001501,1020095103
1781345381808,sell,63755.6,0.00061798,1020095102
1781345381808,sell,63756.8,0.0011,1020095101
1781345381243,buy,63756.9,0.00001171,1020095100
1781345486743,buy,63761.3,0.00001859,1020095263
1781345486612,sell,63761.2,0.00362025,1020095262
1781345485866,sell,63761.2,0.00045757,1020095261
1781345483223,sell,63761.3,0.36291443,1020095260
1781345483223,sell,63761.7,0.00061792,1020095259
1781345483223,sell,63762.9,0.00001576,1020095258
1781345483223,sell,63763.4,0.02354377,1020095257
1781345483223,sell,63766.6,0.01569585,1020095256
1781345483223,sell,63766.6,0.00002218,1020095255
1781345483223,sell,63766.6,0.00002814,1020095254
1781345483223,sell,63767,0.0005,1020095253
1781345483223,sell,63767.8,0.00128,1020095252
1781345483223,sell,63768,0.0219533,1020095251
1781345482943,buy,63768.1,0.00001513,1020095250
1781345479775,buy,63768.1,0.00240805,1020095249
1781345478843,sell,63768,0.00093847,1020095248
1781345478343,buy,63768.1,0.00001821,1020095247
1781345477523,sell,63768,0.0266298,1020095246
1781345477523,sell,63768,0.00102073,1020095245
1781345477523,sell,63768,0.02382923,1020095244
1781345475244,buy,63768.1,0.000012,1020095243
1781345474729,buy,63768.1,0.00686863,1020095242
1781345474729,buy,63768.1,0.0004579,1020095241
1781345473828,sell,63768,0.00017077,1020095240
1781345473525,buy,63767.8,0.00061789,1020095239
1781345473416,buy,63764.8,0.00061792,1020095238
1781345473416,buy,63764.6,0.00016,1020095237
1781345472543,buy,63763,0.00001055,1020095236
1781345472526,buy,63763,0.00093941,1020095235
1781345469882,buy,63763,0.00017094,1020095234
1781345468492,buy,63762.8,0.00001576,1020095233
1781345468492,buy,63761.7,0.00061795,1020095232
1781345468492,buy,63760.7,0.00039399,1020095231
1781345468492,buy,63760,0.00001576,1020095230
1781345468492,buy,63759.6,0.00016,1020095229
1781345468492,buy,63759.5,0.00001501,1020095228
1781345468492,buy,63758.7,0.00061798,1020095227
1781345468492,buy,63757.2,0.00001576,1020095226
1781345468492,buy,63757,0.0005,1020095225
1781345468330,buy,63755.6,0.00110001,1020095224
1781345468324,buy,63755.6,0.00000001,1020095223
1781345468324,buy,63755.6,0.00061801,1020095222
1781345468324,buy,63754.5,0.00313851,1020095221
1781345468318,buy,63754.5,0.000219,1020095220
1781345468317,buy,63754.5,0.00313854,1020095219
1781345468317,buy,63754.4,0.00001576,1020095218
1781345467742,buy,63750.1,0.00001897,1020095217
1781345467716,buy,63750.1,0.00071708,1020095216
1781345466929,buy,63750.1,0.00036078,1020095215
1781345465708,sell,63750,0.0029,1020095214
1781345464042,buy,63750.1,0.00001469,1020095213
1781345463230,sell,63750,0.00026563,1020095212
1781345461201,buy,63750.1,0.03898812,1020095211
1781345461201,buy,63750.1,0.01643296,1020095210
1781345460442,buy,63750.1,0.00001428,1020095209
1781345459768,buy,63750.1,0.0009,1020095208
1781345456615,sell,63750,0.00030902,1020095207
1781345456543,buy,63750.1,0.00001557,1020095206
1781345456371,sell,63750,0.00026006,1020095205
1781345455971,sell,63750,0.00018491,1020095204
1781345455663,sell,63750,0.00165564,1020095203
1781345453943,buy,63750.1,0.00001033,1020095202
1781345450243,buy,63750.1,0.00001462,1020095201
1781345450101,buy,63750.1,0.00018509,1020095200
1781345448847,sell,63750,0.0001708,1020095199
1781345448623,sell,63750,0.00030902,1020095198
1781345448249,buy,63750.1,0.00123574,1020095197
1781345448005,sell,63750,0.00111272,1020095196
1781345447456,sell,63750,0.00015702,1020095195
1781345445743,buy,63750.1,0.00001765,1020095194
1781345445418,sell,63750,0.01317911,1020095193
1781345445212,sell,63750,0.0001849,1020095192
1781345444260,buy,63750.1,0.00001881,1020095191
1781345443865,sell,63750,0.0014655,1020095190
1781345443601,buy,63750.1,0.00017098,1020095189
1781345442955,sell,63750,0.00017232,1020095188
1781345442743,buy,63750.1,0.0000116,1020095187
1781345440143,buy,63750.1,0.00001023,1020095186
1781345440037,buy,63750.1,0.00024385,1020095185
1781345439964,buy,63750.1,0.00018509,1020095184
1781345437909,buy,63750.1,0.0000847,1020095183
1781345437824,sell,63750,0.01529642,1020095182
1781345437824,sell,63750,0.00300779,1020095181
1781345437824,sell,63750,0.00028134,1020095180
1781345437824,sell,63750,0.01501364,1020095179
1781345437814,sell,63750,0.00210456,1020095178
1781345435943,buy,63750.1,0.00001642,1020095177
1781345546315,buy,63771.9,0.00340878,1020095432
1781345545189,sell,63771.8,0.00161204,1020095431
1781345545066,buy,63771.4,0.344955,1020095430
1781345545066,buy,63771.4,0.4,1020095429
1781345545066,buy,63771.4,0.0316,1020095428
1781345543701,buy,63771.2,0.00001576,1020095427
1781345543701,buy,63770.9,0.00061786,1020095426
1781345543701,buy,63770.4,0.00002662,1020095425
1781345543701,buy,63770.4,0.00003418,1020095424
1781345543701,buy,63769.6,0.00025636,1020095423
1781345543688,buy,63769.6,0.00029633,1020095422
1781345543688,buy,63769.6,0.00016,1020095421
1781345543232,sell,63769.5,0.03219605,1020095420
1781345543232,sell,63769.5,0.0012,1020095419
1781345543232,sell,63769.5,0.1062,1020095418
1781345543232,sell,63769.5,0.0318,1020095417
1781345543232,sell,63769.5,0.45362,1020095416
1781345543232,sell,63769.5,0.0011,1020095415
1781345543232,sell,63769.5,0.00359447,1020095414
1781345543232,sell,63769.5,0.1471,1020095413
1781345542217,buy,63768.4,0.00001576,1020095412
1781345542217,buy,63768,0.00784092,1020095411
1781345542217,buy,63767.8,0.00061789,1020095410
1781345542217,buy,63767,0.0005,1020095409
1781345542205,buy,63765.6,0.00001576,1020095408
1781345542205,buy,63764.8,0.00061792,1020095407
1781345542205,buy,63763.5,0.000011,1020095406
1781345542203,buy,63763.5,0.0000165,1020095405
1781345542203,buy,63763.5,0.00003525,1020095404
1781345541743,buy,63762.7,0.00001961,1020095403
1781345540724,sell,63762.6,0.00031856,1020095402
1781345540484,buy,63762.7,0.02207713,1020095401
1781345540484,buy,63762.6,0.1194,1020095400
1781345540484,buy,63761.2,0.00002917,1020095399
1781345540484,buy,63761.2,0.00003664,1020095398
1781345540484,buy,63760.2,0.41208915,1020095397
1781345540484,buy,63760.2,0.22341155,1020095396
1781345539409,buy,63760.2,0.00158719,1020095395
1781345539003,buy,63760.2,0.00004705,1020095394
1781345537443,buy,63760.2,0.00001681,1020095393
1781345537150,buy,63760.2,0.00034644,1020095392
1781345535829,sell,63760.1,0.00009041,1020095391
1781345535267,sell,63760.1,0.15926585,1020095390
1781345535267,sell,63760.1,0.08454579,1020095389
1781345535267,sell,63760.1,0.01246,1020095388
1781345535267,sell,63760.1,0.39983992,1020095387
1781345535267,sell,63760.1,0.1,1020095386
1781345535267,sell,63760.1,0.02117314,1020095385
1781345533044,buy,63760.2,0.00001743,1020095384
1781345532068,buy,63760.2,0.08300991,1020095383
1781345532068,buy,63760.2,0.01284,1020095382
1781345532068,buy,63760.2,0.1,1020095381
1781345532068,buy,63760.2,0.41206996,1020095380
1781345532068,buy,63760.2,0.16959808,1020095379
1781345531827,buy,63760.2,0.00159817,1020095378
1781345530902,sell,63760.1,0.00017234,1020095377
1781345529643,buy,63760.2,0.00001357,1020095376
1781345529398,sell,63760.1,0.08485452,1020095375
1781345529398,sell,63760.1,0.0318,1020095374
1781345529398,sell,63760.1,0.14041201,1020095373
1781345529398,sell,63760.1,0.06497234,1020095372
1781345529398,sell,63760.1,0.036,1020095371
1781345529398,sell,63760.1,0.00528548,1020095370
1781345529398,sell,63760.1,0.00689379,1020095369
1781345529398,sell,63760.1,0.1124,1020095368
1781345529398,sell,63760.1,0.21,1020095367
1781345529398,sell,63760.1,0.08513378,1020095366
1781345529065,sell,63760.1,0.00347822,1020095365
1781345527728,sell,63760.1,0.00024584,1020095364
1781345526444,buy,63760.2,0.00001254,1020095363
1781345526150,buy,63760.2,0.03877764,1020095362
1781345526150,buy,63760.2,0.22504579,1020095361
1781345526150,buy,63760.2,0.1062,1020095360
1781345526150,buy,63760.2,0.1124,1020095359
1781345526150,buy,63760.2,0.0012,1020095358
1781345526150,buy,63760.2,0.29436189,1020095357
1781345526141,sell,63760.1,0.09867948,1020095356
1781345526141,sell,63760.1,0.08408269,1020095355
1781345525964,buy,63760.2,0.00017252,1020095354
1781345525113,sell,63760.1,0.00022769,1020095353
1781345524542,buy,63760.2,0.00003136,1020095352
1781345523913,sell,63760.1,0.00016919,1020095351
1781345523523,buy,63760.2,0.01794588,1020095350
1781345523244,buy,63760.2,0.00001252,1020095349
1781345523205,buy,63760.2,0.00402583,1020095348
1781345523172,sell,63760.1,0.14056622,1020095347
1781345523172,sell,63760.1,0.0318,1020095346
1781345523172,sell,63760.1,0.1,1020095345
1781345523172,sell,63760.1,0.1062,1020095344
1781345523172,sell,63760.1,0.39965444,1020095343
1781345522332,sell,63760.1,0.00539169,1020095342
1781345522143,buy,63760.2,0.00047051,1020095341
1781345521671,sell,63760.1,0.00686382,1020095340
1781345520466,sell,63760.1,0.00016001,1020095339
1781345520466,sell,63760.1,0.00001576,1020095338
1781345520463,sell,63761.7,0.00061792,1020095337
1781345520463,sell,63762.9,0.00001576,1020095336
1781345520462,sell,63766.3,0.00002246,1020095335
1781345520306,sell,63767.3,0.0037,1020095334
1781345520167,buy,63767.4,0.00016936,1020095333
1781365987951,buy,64275.6,0.20827655,1020153116
1781365987951,buy,64275.6,0.17804081,1020153115
1781365987951,buy,64275.6,0.00980807,1020153114
1781365987649,buy,64275.6,0.01419193,1020153113
1781365987649,buy,64275.6,0.22697,1020153112
1781365987649,buy,64275.6,0.044085,1020153111
1781365987649,buy,64275.6,0.227495,1020153110
1781365987649,buy,64275.6,0.03025807,1020153109
1781365987609,buy,64275.6,0.4485,1020153108
1781365987043,buy,64275.6,0.00001085,1020153107
1781365986531,sell,64275.5,0.00159867,1020153106
1781365986531,sell,64277.2,0.00009409,1020153105
1781365986531,sell,64277.2,0.00002572,1020153104
1781365986400,sell,64277.2,0.39625314,1020153103
1781365986175,sell,64277.2,0.00618993,1020153102
1781365984872,buy,64277.3,0.04336876,1020153101
1781365984872,buy,64277.3,0.0007,1020153100
1781365984872,buy,64277.3,0.00056198,1020153099
1781365984872,buy,64277.3,0.0373,1020153098
1781365984872,buy,64277.3,0.0606,1020153097
1781365984872,buy,64277.3,0.03925614,1020153096
1781365984872,buy,64277.3,0.1,1020153095
1781365984872,buy,64277.3,0.0090842,1020153094
1781365984872,buy,64277.3,0.00034499,1020153093
1781365984872,buy,64277.3,0.10517581,1020153092
1781365984281,buy,64277.3,0.00305842,1020153091
1781365984259,buy,64277.3,0.09366577,1020153090
1781365984259,buy,64277.3,0.04733423,1020153089
1781365984162,buy,64277.3,0.43834,1020153088
1781365984129,buy,64277.3,0.008708,1020153087
1781365983613,sell,64277.2,0.00078238,1020153086
1781365983208,sell,64277.2,0.14718822,1020153085
1781365983208,sell,64277.2,0.0012,1020153084
1781365983208,sell,64277.2,0.022,1020153083
1781365983208,sell,64277.2,0.22614331,1020153082
1781365983079,sell,64277.2,0.00006,1020153081
1781365982729,sell,64277.2,0.00076669,1020153080
1781365982544,buy,64277.3,0.00001777,1020153079
1781365981621,buy,64277.3,0.01467788,1020153078
1781365981621,buy,64277.3,0.06544182,1020153077
1781365981621,buy,64277.3,0.1068158,1020153076
1781365981621,buy,64277.3,0.00405653,1020153075
1781365981621,buy,64277.3,0.00311304,1020153074
1781365981621,buy,64277.3,0.0606,1020153073
1781365981621,buy,64277.3,0.0018357,1020153072
1781365981621,buy,64277.3,0.1,1020153071
1781365981621,buy,64277.3,0.04012959,1020153070
1781365981122,sell,64277.2,0.00018436,1020153069
1781365980917,buy,64277.3,0.00667887,1020153068
1781365980843,buy,64277.3,0.140029,1020153067
1781365980843,buy,64277.2,0.08851433,1020153066
1781365980843,buy,64276.7,0.00078,1020153065
1781365980843,buy,64276.7,0.003113,1020153064
1781365980843,buy,64276.7,0.00405652,1020153063
1781365980842,buy,64276.7,0.00000001,1020153062
1781365980842,buy,64276.7,0.0018357,1020153061
1781365980842,buy,64276.7,0.00062443,1020153060
1781365980838,buy,64276.7,0.0012951,1020153059
1781365980838,buy,64276.6,0.00311338,1020153058
1781365980838,buy,64275.8,0.03790614,1020153057
1781365980838,buy,64275.7,0.00039399,1020153056
1781365980838,buy,64275.6,0.11923301,1020153055
1781365980838,buy,64275.5,0.0686534,1020153054
1781365980838,buy,64275.3,0.49440131,1020153053
1781365980838,buy,64275.3,0.00036881,1020153052
1781365980838,buy,64275.3,0.00405669,1020153051
1781365980838,buy,64275.3,0.00311313,1020153050
1781365980838,buy,64275.3,0.0002,1020153049
1781365980838,buy,64275.3,0.02112388,1020153048
1781365980837,buy,64275.3,0.00985,1020153047
1781365980397,sell,64275.2,0.01845647,1020153046
1781365980193,buy,64275.3,0.00075612,1020153045
1781365980015,sell,64275.2,0.39682293,1020153044
1781365980015,sell,64275.2,0.00000001,1020153043
1781365979887,buy,64274.5,0.00039399,1020153042
1781365979233,sell,64269.9,0.00001564,1020153041
1781365979233,sell,64270.7,0.00039399,1020153040
1781365979233,sell,64271,0.000015,1020153039
1781365979233,sell,64273,0.0000104,1020153038
1781365979203,sell,64276.6,0.0001013,1020153037
1781365979203,sell,64276.6,0.00015139,1020153036
1781365978914,sell,64276.6,0.0012673,1020153035
1781365978486,buy,64276.7,0.3717817,1020153034
1781365978486,buy,64276.7,0.0012,1020153033
1781365978486,buy,64276.7,0.02398018,1020153032
1781365977542,buy,64276.7,0.00001982,1020153031
1781365977045,buy,64276.7,0.13094749,1020153030
1781365977045,buy,64276.7,0.64230151,1020153029
1781365977045,buy,64276.7,0.009621,1020153028
1781365977044,buy,64276.7,0.008349,1020153027
1781365977044,buy,64276.7,0.209,1020153026
1781365976981,sell,64276.6,0.00028038,1020153025
1781365976977,sell,64276.6,0.01521326,1020153024
1781365976860,sell,64276.6,0.39710133,1020153023
1781365975431,buy,64276.7,0.39724035,1020153022
1781365975431,buy,64276.7,0.00000001,1020153021
1781365975201,sell,64276.6,0.0373,1020153020
1781365975200,sell,64276.6,0.01846,1020153019
1781365975200,sell,64276.6,0.00944,1020153018
1781365975199,sell,64276.6,0.0202,1020153017
1781366042842,buy,64304.2,0.0000173,1020153472
1781366042497,buy,64304.2,0.3911113,1020153471
1781366042497,buy,64304.2,0.00000001,1020153470
1781366042305,sell,64306.5,0.00040581,1020153469
1781366042259,sell,64306.5,0.00612405,1020153468
1781366041594,buy,64306.6,0.01104552,1020153467
1781366041590,buy,64306.6,0.0094277,1020153466
1781366041590,buy,64306.6,0.00023538,1020153465
1781366041472,buy,64306.6,0.00155045,1020153464
1781366040603,buy,64306.6,0.00004665,1020153463
1781366039644,buy,64304.1,0.0000126,1020153462
1781366037001,sell,64304,0.2896369,1020153461
1781366037001,sell,64304,0.10161329,1020153460
1781366036902,sell,64304,0.00048149,1020153459
1781366036443,buy,64304.1,0.0000622,1020153458
1781366036342,buy,64304.1,0.00010592,1020153457
1781366036243,buy,64304.1,0.00001344,1020153456
1781366035727,buy,64304.1,0.07457828,1020153455
1781366035727,buy,64304.1,0.03392,1020153454
1781366035727,buy,64304.1,0.28288889,1020153453
1781366035484,buy,64304.1,0.0000101,1020153452
1781366035484,buy,64304.1,0.0000101,1020153451
1781366035484,buy,64304.1,0.0000101,1020153450
1781366035484,buy,64304.1,0.0000101,1020153449
1781366035484,buy,64304.1,0.0000101,1020153448
1781366035484,buy,64304.1,0.0000101,1020153447
1781366035484,buy,64304.1,0.0000101,1020153446
1781366035484,buy,64304.1,0.0000101,1020153445
1781366035484,buy,64304.1,0.0000101,1020153444
1781366035484,buy,64304.1,0.0000101,1020153443
1781366035484,buy,64304.1,0.0000101,1020153442
1781366035484,buy,64304.1,0.0000101,1020153441
1781366035484,buy,64304.1,0.0000101,1020153440
1781366035484,buy,64304.1,0.0000101,1020153439
1781366035484,buy,64304.1,0.0000101,1020153438
1781366035484,buy,64304.1,0.0000101,1020153437
1781366035484,buy,64304.1,0.0000101,1020153436
1781366035484,buy,64304.1,0.0000101,1020153435
1781366035484,buy,64304.1,0.0000101,1020153434
1781366035484,buy,64304.1,0.0000101,1020153433
1781366035484,buy,64304.1,0.0000101,1020153432
1781366035484,buy,64304.1,0.0000101,1020153431
1781366035484,buy,64304.1,0.0000101,1020153430
1781366035484,buy,64304.1,0.0000101,1020153429
1781366035484,buy,64304.1,0.0000101,1020153428
1781366035484,buy,64304.1,0.0000101,1020153427
1781366035484,buy,64304.1,0.0000101,1020153426
1781366035484,buy,64304.1,0.0000101,1020153425
1781366035484,buy,64304.1,0.0000101,1020153424
1781366035484,buy,64304.1,0.0000101,1020153423
1781366035484,buy,64304.1,0.0000101,1020153422
1781366034740,sell,64304,0.00080646,1020153421
1781366034435,sell,64304,0.39152379,1020153420
1781366033164,buy,64304.1,0.21216528,1020153419
1781366033164,buy,64304.1,0.024,1020153418
1781366033164,buy,64304.1,0.15549559,1020153417
1781366033042,buy,64304.1,0.00001241,1020153416
1781366032709,sell,64305,0.00102927,1020153415
1781366031439,sell,64307.2,0.00016,1020153414
1781366031433,sell,64307.3,0.0298,1020153413
1781366031431,sell,64307.3,0.01,1020153412
1781366031431,sell,64307.3,0.016,1020153411
1781366031430,sell,64307.3,0.00794989,1020153410
1781366031430,sell,64309.6,0.00305011,1020153409
1781366031430,sell,64309.6,0.01,1020153408
1781366031428,sell,64309.6,0.014461,1020153407
1781366031428,sell,64309.6,0.04408083,1020153406
1781366031381,sell,64310.3,0.00020269,1020153405
1781366031381,sell,64310.3,0.00205849,1020153404
1781366031245,sell,64310.3,0.009,1020153403
1781366031245,sell,64310.3,0.007,1020153402
1781366031208,sell,64310.3,0.39176012,1020153401
1781366031183,sell,64310.3,0.011,1020153400
1781366031178,sell,64310.3,0.069,1020153399
1781366030814,sell,64310.3,0.01772688,1020153398
1781366030814,sell,64310.3,0.02227312,1020153397
1781366030813,sell,64310.3,0.08,1020153396
1781366030803,sell,64314.2,0.00001065,1020153395
1781366030803,sell,64314.2,0.00020277,1020153394
1781366030803,sell,64314.2,0.0027447,1020153393
1781366030800,sell,64314.2,0.08,1020153392
1781366029975,buy,64314.3,0.19921043,1020153391
1781366029975,buy,64314.3,0.0318,1020153390
1781366029975,buy,64314.3,0.0012,1020153389
1781366029975,buy,64314.3,0.15968686,1020153388
1781366029742,buy,64314.3,0.00001314,1020153387
1781366028909,sell,64314.2,0.05672344,1020153386
1781366028909,sell,64314.2,0.05593757,1020153385
1781366028675,sell,64314.2,0.39203506,1020153384
1781366028286,sell,64314.2,0.00206025,1020153383
1781366028168,buy,64314.8,0.000272,1020153382
1781366028168,buy,64314.8,0.00000001,1020153381
1781366028168,buy,64314.3,0.0002,1020153380
1781366028163,buy,64312.3,0.00001565,1020153379
1781366028163,buy,64309.5,0.00002393,1020153378
1781366028163,buy,64308.7,0.00049984,1020153377
1781366028125,buy,64307.1,0.0002,1020153376
1781366028033,buy,64306.8,0.08219375,1020153375
1781366028033,buy,64306.7,0.09604,1020153374
1781366028033,buy,64306.6,0.00001565,1020153373
1781366097943,buy,64297.1,0.00001146,1020153841
1781366097494,sell,64297,0.00019168,1020153840
1781366096639,sell,64297,0.06647719,1020153839
1781366096639,sell,64297,0.00078001,1020153838
1781366096076,buy,64297,0.00002,1020153837
1781366096076,buy,64296.7,0.00001501,1020153836
1781366096076,buy,64295.3,0.00001563,1020153835
1781366096076,buy,64292.9,0.00241446,1020153834
1781366096076,buy,64292.9,0.00119476,1020153833
1781366096075,buy,64292.2,0.00016,1020153832
1781366096075,buy,64292,0.0005,1020153831
1781366096075,buy,64291.9,0.00002,1020153830
1781366096075,buy,64291.6,0.00002,1020153829
1781366096075,buy,64291.5,0.00006,1020153828
1781366096075,buy,64290.4,0.00002,1020153827
1781366095747,buy,64288.6,0.00342687,1020153826
1781366095739,buy,64288.6,0.05475054,1020153825
1781366095739,buy,64288.5,0.00039399,1020153824
1781366095739,buy,64287.1,0.00001022,1020153823
1781366095739,buy,64286.6,0.1,1020153822
1781366095739,buy,64286.5,0.0373,1020153821
1781366095739,buy,64286.5,0.0373,1020153820
1781366095739,buy,64286.5,0.0373,1020153819
1781366095739,buy,64286.5,0.0373,1020153818
1781366095739,buy,64286.5,0.09986329,1020153817
1781366094843,buy,64286.5,0.00001226,1020153816
1781366093216,buy,64286.5,0.00012444,1020153815
1781366092442,buy,64286.5,0.00000001,1020153814
1781366092442,buy,64286.5,0.0012,1020153813
1781366092442,buy,64286.5,0.00349714,1020153812
1781366092437,buy,64286.5,0.17881499,1020153811
1781366092437,buy,64286.5,0.09112757,1020153810
1781366092437,buy,64286.5,0.02680623,1020153809
1781366092437,buy,64286.5,0.1,1020153808
1781366092437,buy,64286.5,0.01539597,1020153807
1781366092434,buy,64286.5,0.01705864,1020153806
1781366092434,buy,64286.4,0.00039399,1020153805
1781366092434,buy,64284.7,0.0373,1020153804
1781366092434,buy,64284.7,0.0373,1020153803
1781366092434,buy,64284.7,0.09544688,1020153802
1781366092430,buy,64284.7,0.002199,1020153801
1781366092044,buy,64284.7,0.00001085,1020153800
1781366090798,buy,64284.7,0.00019187,1020153799
1781366089343,buy,64284.7,0.0021514,1020153798
1781366089343,buy,64284.7,0.08356884,1020153797
1781366089106,buy,64284.7,0.00160069,1020153796
1781366088801,buy,64284.7,0.36720047,1020153795
1781366088801,buy,64284.7,0.13729928,1020153794
1781366088801,buy,64284.7,0.23310025,1020153793
1781366088800,buy,64284.7,0.260401,1020153792
1781366088800,buy,64284.7,0.00220499,1020153791
1781366088800,buy,64284.7,0.00000001,1020153790
1781366088694,sell,64285.2,0.00009,1020153789
1781366087342,buy,64289.5,0.0000185,1020153788
1781366086546,sell,64289.4,0.26238201,1020153787
1781366083913,buy,64289.5,0.06841133,1020153786
1781366083913,buy,64289.4,0.04506195,1020153785
1781366083913,buy,64288.2,0.1,1020153784
1781366083913,buy,64288.1,0.0012,1020153783
1781366083913,buy,64288.1,0.07247624,1020153782
1781366083913,buy,64288.1,0.0298,1020153781
1781366083913,buy,64288.1,0.0007,1020153780
1781366083913,buy,64288.1,0.0373,1020153779
1781366083913,buy,64288.1,0.03924936,1020153778
1781366083913,buy,64288.1,0.0373,1020153777
1781366083913,buy,64288.1,0.05220218,1020153776
1781366083913,buy,64288.1,0.0373,1020153775
1781366083913,buy,64288.1,0.0522,1020153774
1781366083913,buy,64288.1,0.0373,1020153773
1781366083913,buy,64288.1,0.0435,1020153772
1781366083913,buy,64288.1,0.03489638,1020153771
1781366083901,buy,64288.1,0.00240362,1020153770
1781366083901,buy,64288.1,0.0466,1020153769
1781366083901,buy,64288.1,0.0466,1020153768
1781366083901,buy,64288.1,0.0373,1020153767
1781366083901,buy,64288.1,0.07247624,1020153766
1781366083901,buy,64288.1,0.00219519,1020153765
1781366083901,buy,64288.1,0.1,1020153764
1781366083901,buy,64288.1,0.00118495,1020153763
1781366083542,buy,64288.1,0.00001505,1020153762
1781366080552,buy,64288.1,0.29522167,1020153761
1781366080552,buy,64288.1,0.0808,1020153760
1781366080552,buy,64288.1,0.00311245,1020153759
1781366080552,buy,64288.1,0.00356849,1020153758
1781366080345,buy,64288.1,0.00085302,1020153757
1781366080345,buy,64288,0.1,1020153756
1781366080345,buy,64287.9,0.03907365,1020153755
1781366080345,buy,64287,0.07149827,1020153754
1781366080345,buy,64286,0.00039399,1020153753
1781366080345,buy,64285.9,0.00001128,1020153752
1781366080345,buy,64284.5,0.0011,1020153751
1781366080345,buy,64284.5,0.02039718,1020153750
1781366080343,buy,64284.5,0.09960282,1020153749
1781366080343,buy,64284.5,0.1,1020153748
1781366080343,buy,64284.5,0.0012,1020153747
1781366080343,buy,64284.5,0.03253492,1020153746
1781366080339,buy,64284.5,0.0067,1020153745
1781366079843,buy,64284.5,0.00001444,1020153744
1781366076886,buy,64283.4,0.00364138,1020153743
1781366076886,buy,64283.4,0.00311247,1020153742
1781366152542,buy,64309.6,0.00001775,1020154226
1781366152542,buy,64309.6,0.00000001,1020154225
1781366151988,sell,64311,0.00003756,1020154224
1781366150933,buy,64311.1,0.00001554,1020154223
1781366149935,buy,64311.1,0.00369298,1020154222
1781366149643,sell,64311,0.0004427,1020154221
1781366149428,buy,64311.1,0.00023367,1020154220
1781366149162,sell,64311,0.03875728,1020154219
1781366149042,buy,64311.1,0.00001376,1020154218
1781366148533,sell,64311,0.12325641,1020154217
1781366145843,buy,64311.1,0.00001273,1020154216
1781366144469,sell,64311,0.01540315,1020154215
1781366144469,sell,64311,0.00000001,1020154214
1781366144409,buy,64311.1,0.0122966,1020154213
1781366144409,buy,64311.1,0.0373,1020154212
1781366144409,buy,64311.1,0.0435,1020154211
1781366144409,buy,64311.1,0.0373,1020154210
1781366144409,buy,64311.1,0.0559,1020154209
1781366144409,buy,64311.1,0.03922606,1020154208
1781366144298,buy,64310.8,0.00039399,1020154207
1781366144281,sell,64309.5,0.00021699,1020154206
1781366144281,sell,64309.5,0.00000001,1020154205
1781366144279,buy,64309.5,0.00182319,1020154204
1781366144275,buy,64309.5,0.13158956,1020154203
1781366144275,buy,64308.3,0.08698248,1020154202
1781366144275,buy,64306,0.0007,1020154201
1781366144275,buy,64306,0.01397741,1020154200
1781366144273,buy,64306,0.01582259,1020154199
1781366144273,buy,64306,0.00021108,1020154198
1781366144273,buy,64306,0.0373,1020154197
1781366144273,buy,64306,0.0373,1020154196
1781366144273,buy,64306,0.0373,1020154195
1781366144273,buy,64306,0.0373,1020154194
1781366144273,buy,64306,0.0373,1020154193
1781366144273,buy,64306,0.03072606,1020154192
1781366144270,buy,64306,0.0085,1020154191
1781366142442,buy,64306,0.00001335,1020154190
1781366142365,sell,64306.7,0.00001563,1020154189
1781366142365,sell,64307.2,0.00016,1020154188
1781366142365,sell,64308.4,0.00039399,1020154187
1781366142365,sell,64309.4,0.00001501,1020154186
1781366142365,sell,64312.2,0.00016,1020154185
1781366142365,sell,64312.3,0.00022659,1020154184
1781366142365,sell,64312.3,0.00049597,1020154183
1781366141010,sell,64312.3,0.0354,1020154182
1781366140958,sell,64312.3,0.009,1020154181
1781366140958,sell,64312.3,0.01,1020154180
1781366140958,sell,64312.3,0.011,1020154179
1781366140958,sell,64312.3,0.006,1020154178
1781366140221,sell,64312.3,0.003,1020154177
1781366139505,sell,64312.3,0.01,1020154176
1781366139505,sell,64312.3,0.011,1020154175
1781366139505,sell,64312.3,0.01,1020154174
1781366139504,sell,64312.3,0.014,1020154173
1781366139504,sell,64312.3,0.009,1020154172
1781366139504,sell,64312.3,0.009,1020154171
1781366139504,sell,64312.3,0.023,1020154170
1781366139504,sell,64312.3,0.023,1020154169
1781366139504,sell,64312.3,0.00908,1020154168
1781366139504,sell,64312.3,0.00092,1020154167
1781366139504,sell,64312.3,0.01,1020154166
1781366139504,sell,64312.3,0.011,1020154165
1781366139443,buy,64312.4,0.00001168,1020154164
1781366139302,sell,64312.3,0.01,1020154163
1781366138644,buy,64312.4,0.00038872,1020154162
1781366137216,buy,64312.4,0.03147481,1020154161
1781366137216,buy,64312.4,0.40442518,1020154160
1781366137216,buy,64312.4,0.00000001,1020154159
1781366136350,sell,64312.4,0.00001563,1020154158
1781366136350,sell,64318.3,0.00043886,1020154157
1781366136243,buy,64318.4,0.00001257,1020154156
1781366135122,sell,64318.3,0.00053148,1020154155
1781366134024,buy,64318.4,0.00126516,1020154154
1781366134024,buy,64318.4,0.00110077,1020154153
1781366134023,buy,64318.4,0.000725,1020154152
1781366134019,buy,64318.4,0.06774768,1020154151
1781366134019,buy,64318.2,0.07438859,1020154150
1781366134019,buy,64318.2,0.0298,1020154149
1781366134019,buy,64318.2,0.0298,1020154148
1781366134019,buy,64318.2,0.00182577,1020154147
1781366134019,buy,64318.2,0.03192,1020154146
1781366134006,buy,64317.9,0.00001562,1020154145
1781366134006,buy,64317.4,0.00001,1020154144
1781366134006,buy,64317.2,0.00016,1020154143
1781366134006,buy,64316.9,0.00007,1020154142
1781366133989,buy,64316.8,0.01920168,1020154141
1781366133973,buy,64316.3,0.00049597,1020154140
1781366133973,buy,64316.2,0.00182578,1020154139
1781366133964,buy,64316.2,0.0300186,1020154138
1781366133964,buy,64315.9,0.000015,1020154137
1781366133964,buy,64315.1,0.00001563,1020154136
1781366133964,buy,64314.2,0.00039399,1020154135
1781366133964,buy,64314,0.00039399,1020154134
1781366133964,buy,64312.4,0.03922606,1020154133
1781366133964,buy,64312.4,0.0373,1020154132
1781366133964,buy,64312.4,0.0373,1020154131
1781366133964,buy,64312.4,0.0373,1020154130
1781366133964,buy,64312.4,0.0373,1020154129
1781366133964,buy,64312.4,0.0139714,1020154128
1781366133794,buy,64312.4,0.02330471,1020154127
1781366207542,buy,64319.4,0.00001178,1020154459
1781366207480,buy,64319.4,0.01375012,1020154458
1781366207154,buy,64319.4,0.08520548,1020154457
1781366207154,buy,64319.4,0.00046015,1020154456
1781366207154,buy,64319.3,0.00007,1020154455
1781366207154,buy,64319.2,0.04,1020154454
1781366207154,buy,64319,0.27986968,1020154453
1781366207154,buy,64319,0.00017985,1020154452
1781366207154,buy,64318.7,0.00001,1020154451
1781366207154,buy,64318.5,0.15006158,1020154450
1781366207154,buy,64318.5,0.00007892,1020154449
1781366207154,buy,64317.9,0.00001563,1020154448
1781366207154,buy,64317.5,0.03922434,1020154447
1781366207154,buy,64317.2,0.00016,1020154446
1781366207154,buy,64316.9,0.00002431,1020154445
1781366207154,buy,64316.9,0.00005316,1020154444
1781366207154,buy,64316,0.00053851,1020154443
1781366207154,buy,64315.9,0.000015,1020154442
1781366207154,buy,64315.7,0.12438652,1020154441
1781366207154,buy,64315.7,0.0373,1020154440
1781366207154,buy,64315.7,0.02977676,1020154439
1781366207154,buy,64315.7,0.00034098,1020154438
1781366207154,buy,64315.7,0.0373,1020154437
1781366207154,buy,64315.7,0.0373,1020154436
1781366207154,buy,64315.7,0.0373,1020154435
1781366207154,buy,64315.7,0.0373,1020154434
1781366207154,buy,64315.7,0.0522,1020154433
1781366207144,buy,64315.7,0.0037,1020154432
1781366206524,sell,64315.6,0.00026694,1020154431
1781366205409,buy,64315.7,0.00031096,1020154430
1781366204742,buy,64315.7,0.00001105,1020154429
1781366203467,buy,64315.7,0.00005864,1020154428
1781366200042,buy,64315.7,0.0000187,1020154427
1781366198086,sell,64315.6,0.00043365,1020154426
1781366196840,buy,64315.7,0.00004299,1020154425
1781366196633,sell,64315.6,0.00027674,1020154424
1781366196472,buy,64315.7,0.0001788,1020154423
1781366196143,buy,64315.7,0.00001531,1020154422
1781366196096,buy,64315.7,0.0003784,1020154421
1781366194724,buy,64315.7,0.03106243,1020154420
1781366194724,buy,64315.7,0.1597,1020154419
1781366194724,buy,64315.7,0.00182127,1020154418
1781366194724,buy,64315.7,0.07013587,1020154417
1781366194669,buy,64315.7,0.00986413,1020154416
1781366194669,buy,64315.5,0.2332124,1020154415
1781366194669,buy,64315.4,0.036,1020154414
1781366194669,buy,64315.4,0.08036477,1020154413
1781366194669,buy,64315.1,0.00001563,1020154412
1781366194669,buy,64315,0.20291677,1020154411
1781366194669,buy,64315,0.0309,1020154410
1781366194669,buy,64314.5,0.09293996,1020154409
1781366194669,buy,64314.4,0.00311164,1020154408
1781366194669,buy,64312.5,0.00039399,1020154407
1781366194669,buy,64311.9,0.0000548,1020154406
1781366194669,buy,64311.9,0.00002516,1020154405
1781366194669,buy,64311.9,0.00001004,1020154404
1781366194669,buy,64310.7,0.03921271,1020154403
1781366194287,sell,64310.6,0.00020694,1020154402
1781366193828,sell,64310.6,0.00048832,1020154401
1781366193822,sell,64310.6,0.00016669,1020154400
1781366193143,buy,64310.7,0.00001163,1020154399
1781366192339,sell,64310.6,0.01152824,1020154398
1781366192339,sell,64311,0.00039399,1020154397
1781366192339,sell,64315.3,0.00107777,1020154396
1781366192334,sell,64315.3,0.004,1020154395
1781366192329,sell,64315.3,0.017,1020154394
1781366190572,sell,64315.3,0.012,1020154393
1781366190542,buy,64315.4,0.00001025,1020154392
1781366189825,buy,64315.4,0.07932498,1020154391
1781366189825,buy,64315.4,0.00008792,1020154390
1781366189825,buy,64315.4,0.0373,1020154389
1781366189825,buy,64315.4,0.0373,1020154388
1781366189825,buy,64315.4,0.0373,1020154387
1781366189825,buy,64315.4,0.0373,1020154386
1781366189825,buy,64315.4,0.1243871,1020154385
1781366189825,buy,64315.4,0.08,1020154384
1781366189774,sell,64315.3,0.01515043,1020154383
1781366189774,sell,64315.3,0.00143708,1020154382
1781366189774,sell,64315.3,0.00041249,1020154381
1781366187165,buy,64315,0.00311148,1020154380
1781366187157,buy,64312.3,0.00001563,1020154379
1781366187157,buy,64311.2,0.00002687,1020154378
1781366187157,buy,64311.2,0.00005652,1020154377
1781366187157,buy,64311.2,0.00001049,1020154376
1781366187157,buy,64311.1,0.00019552,1020154375
1781366186543,buy,64310,0.00001581,1020154374
1781366186417,buy,64310,0.02977595,1020154373
1781366186417,buy,64310,0.036,1020154372
1781366186417,buy,64310,0.00039399,1020154371
1781366186417,buy,64310,0.0373,1020154370
1781366186417,buy,64310,0.0373,1020154369
1781366186417,buy,64310,0.03922606,1020154368
1781366186417,buy,64310,0.0373,1020154367
1781366186417,buy,64310,0.0373,1020154366
1781366186417,buy,64310,0.0373,1020154365
1781366186417,buy,64310,0.030104,1020154364
1781366186410,buy,64310,0.007196,1020154363
1781366185570,sell,64309.9,0.00016,1020154362
1781366185483,buy,64310,0.00015549,1020154361
1781366185406,sell,64309.9,0.001,1020154360
1781383771428,sell,64255.9,0.000311,1020212088
1781383769943,buy,64256,0.00001743,1020212087
1781383769365,sell,64255.9,0.00192841,1020212086
1781383767848,buy,64256,0.00062982,1020212085
1781383767610,buy,64256,0.00004668,1020212084
1781383766689,buy,64256,0.00005532,1020212083
1781383765144,buy,64256,0.00001884,1020212082
1781383762756,sell,64255.9,0.00010905,1020212081
1781383761243,buy,64256,0.00001522,1020212080
1781383758666,sell,64255.9,0.00016236,1020212079
1781383756243,buy,64256,0.00001985,1020212078
1781383752343,buy,64256,0.00001555,1020212077
1781383751399,sell,64255.9,0.00007867,1020212076
1781383748043,buy,64256,0.00001717,1020212075
1781383747900,sell,64255.9,0.00310996,1020212074
1781383744843,buy,64256,0.00001247,1020212073
1781383742043,buy,64256,0.00001088,1020212072
1781383740242,sell,64255.9,0.00532578,1020212071
1781383739143,buy,64256,0.00001125,1020212070
1781383736753,buy,64256,0.00094954,1020212069
1781383734643,buy,64256,0.00001797,1020212068
1781383729743,buy,64256,0.00001921,1020212067
1781383728633,sell,64255.9,0.00083487,1020212066
1781383727308,buy,64256,0.00143311,1020212065
1781383725743,buy,64256,0.00001568,1020212064
1781383724723,buy,64256,0.00062803,1020212063
1781383723419,buy,64256,0.00062777,1020212062
1781383721345,buy,64256,0.00001722,1020212061
1781383718388,sell,64255.9,0.00067935,1020212060
1781383718143,buy,64256,0.00001252,1020212059
1781383716639,buy,64256,0.00083571,1020212058
1781383715769,buy,64256,0.00031125,1020212057
1781383714743,buy,64256,0.00001336,1020212056
1781383714292,buy,64253.7,0.00001,1020212055
1781383714260,buy,64251.1,0.00001,1020212054
1781383711844,buy,64248.6,0.00001157,1020212053
1781383711385,sell,64248.5,0.00024967,1020212052
1781383708643,buy,64248.6,0.00001247,1020212051
1781383708367,sell,64248.5,0.00192395,1020212050
1781383705844,buy,64248.6,0.00001087,1020212049
1781383701543,buy,64248.6,0.00001713,1020212048
1781383698743,buy,64248.6,0.00001113,1020212047
1781383697817,buy,64248.6,0.00000001,1020212046
1781383697817,buy,64248.6,0.00039399,1020212045
1781383697807,buy,64244.4,0.00618,1020212044
1781383694343,buy,64244.4,0.00001725,1020212043
1781383691899,sell,64244.3,0.00748426,1020212042
1781383691899,sell,64244.3,0.0012,1020212041
1781383691899,sell,64244.3,0.051,1020212040
1781383691743,buy,64244.4,0.00001022,1020212039
1781383687840,sell,64244.3,0.0008366,1020212038
1781383687688,sell,64244.3,0.01669822,1020212037
1781383687688,sell,64244.3,0.0011,1020212036
1781383687543,buy,64244.4,0.00001641,1020212035
1781383683043,buy,64244.4,0.00001798,1020212034
1781383682874,sell,64244.3,0.22501944,1020212033
1781383682874,sell,64244.3,0.051,1020212032
1781383682874,sell,64244.3,0.0012,1020212031
1781383682874,sell,64244.3,0.02519931,1020212030
1781383682384,sell,64244.5,0.00001564,1020212029
1781383682384,sell,64244.7,0.00002,1020212028
1781383682384,sell,64245.8,0.00002,1020212027
1781383682336,sell,64246,0.00000001,1020212026
1781383682336,sell,64246,0.0012,1020212025
1781383682328,sell,64247.2,0.41069972,1020212024
1781383682328,sell,64247.2,0.05072735,1020212023
1781383682325,sell,64247.2,0.000217,1020212022
1781383682325,sell,64247.2,0.00005565,1020212021
1781383682321,sell,64247.8,0.00020871,1020212020
1781383682120,sell,64247.9,0.00039399,1020212019
1781383682120,sell,64247.9,0.00001501,1020212018
1781383682120,sell,64248.9,0.00039399,1020212017
1781383682120,sell,64249,0.004732,1020212016
1781383682118,sell,64249.1,0.00024501,1020212015
1781383681272,sell,64249.9,0.00039399,1020212014
1781383681272,sell,64250.1,0.00039399,1020212013
1781383681272,sell,64250.1,0.00001564,1020212012
1781383681270,sell,64251.1,0.00040964,1020212011
1781383681270,sell,64251.1,0.00582,1020212010
1781383681270,sell,64251.1,0.0012,1020212009
1781383680710,buy,64252.8,0.23507689,1020212008
1781383680710,buy,64252.8,0.06747801,1020212007
1781383680235,sell,64252.7,0.00072326,1020212006
1781383679645,buy,64252.8,0.00001326,1020212005
1781383678736,sell,64252.7,0.00037371,1020212004
1781383678449,sell,64252.7,0.30269099,1020212003
1781383677834,sell,64252.7,0.00031259,1020212002
1781383677467,sell,64252.7,0.00035791,1020212001
1781383677467,sell,64252.7,0.0012,1020212000
1781383676543,buy,64252.8,0.00001214,1020211999
1781383676298,buy,64252.8,0.30282725,1020211998
1781383676298,buy,64252.8,0.00000001,1020211997
1781383675803,sell,64255.9,0.0051,1020211996
1781383674749,sell,64255.9,0.00046718,1020211995
1781383673243,buy,64256,0.00001312,1020211994
1781383670447,sell,64255.9,0.00015417,1020211993
1781383670143,buy,64256,0.000012,1020211992
1781383669256,sell,64255.9,0.3029497,1020211991
1781383667086,buy,64256,0.18954564,1020211990
1781383667086,buy,64256,0.0012,1020211989
1781383826742,buy,64271.7,0.00001565,1020212306
1781383826399,sell,64271.6,0.00009713,1020212305
1781383824327,buy,64271.7,0.00024271,1020212304
1781383822142,buy,64271.7,0.00003111,1020212303
1781383822142,buy,64271.7,0.00001801,1020212302
1781383821562,sell,64271.6,0.00441429,1020212301
1781383820529,buy,64271.7,0.00035785,1020212300
1781383819045,sell,64271.6,0.15089504,1020212299
1781383819045,sell,64271.6,0.0012,1020212298
1781383819045,sell,64271.6,0.0705,1020212297
1781383819045,sell,64271.6,0.07676747,1020212296
1781383818842,buy,64271.7,0.00001317,1020212295
1781383817401,buy,64271.7,0.16314677,1020212294
1781383817401,buy,64271.7,0.13635052,1020212293
1781383816889,sell,64271.6,0.00018517,1020212292
1781383816653,buy,64271.7,0.00063121,1020212291
1781383815742,buy,64271.7,0.00001227,1020212290
1781383815498,sell,64273.1,0.00558,1020212289
1781383815498,sell,64273.2,0.0012,1020212288
1781383814926,sell,64273.2,0.17010357,1020212287
1781383814926,sell,64273.2,0.03591574,1020212286
1781383814926,sell,64273.2,0.051,1020212285
1781383814926,sell,64273.2,0.0012,1020212284
1781383814926,sell,64273.2,0.04140543,1020212283
1781383814107,buy,64273.3,0.00085549,1020212282
1781383814107,buy,64273.3,0.000394,1020212281
1781383813900,sell,64273.5,0.000015,1020212280
1781383813900,sell,64274,0.0005,1020212279
1781383813879,sell,64275.6,0.00001564,1020212278
1781383813162,buy,64276.5,0.13020735,1020212277
1781383813162,buy,64276.5,0.16955228,1020212276
1781383812442,buy,64276.5,0.00001303,1020212275
1781383810975,sell,64276.4,0.12989532,1020212274
1781383810975,sell,64276.4,0.17,1020212273
1781383809544,buy,64276.5,0.00001147,1020212272
1781383809414,buy,64276.5,0.20054876,1020212271
1781383809414,buy,64276.5,0.03,1020212270
1781383809414,buy,64276.5,0.06948157,1020212269
1781383808288,buy,64276.5,0.00034293,1020212268
1781383807536,sell,64276.4,0.3001659,1020212267
1781383805989,buy,64276.5,0.30030104,1020212266
1781383804542,buy,64280.3,0.00001965,1020212265
1781383804157,sell,64280.2,0.30041872,1020212264
1781383804154,buy,64280.3,0.0004,1020212263
1781383803883,buy,64280.3,0.00401211,1020212262
1781383803713,sell,64280.2,0.00153,1020212261
1781383802943,buy,64280.3,0.00007778,1020212260
1781383802661,buy,64280.3,0.26893337,1020212259
1781383802661,buy,64280.3,0.0316206,1020212258
1781383800823,buy,64280.8,0.00001564,1020212257
1781383800818,buy,64279.9,0.01757384,1020212256
1781383800818,buy,64279.4,0.00046015,1020212255
1781383800818,buy,64279.1,0.00006,1020212254
1781383800818,buy,64279,0.00001,1020212253
1781383800818,buy,64278.9,0.00006,1020212252
1781383800818,buy,64278.8,0.00006,1020212251
1781383800818,buy,64278.6,0.00006,1020212250
1781383800818,buy,64278.5,0.00006,1020212249
1781383800818,buy,64278.3,0.00001564,1020212248
1781383800818,buy,64278.3,0.00006,1020212247
1781383800818,buy,64278.2,0.00006,1020212246
1781383800818,buy,64278,0.00006,1020212245
1781383800818,buy,64277.9,0.00006,1020212244
1781383800818,buy,64277.9,0.00008,1020212243
1781383800818,buy,64277.8,0.00008,1020212242
1781383800818,buy,64277.8,0.00001,1020212241
1781383800818,buy,64277.6,0.00005,1020212240
1781383800818,buy,64277.6,0.00003,1020212239
1781383800818,buy,64277.5,0.00003,1020212238
1781383800818,buy,64277.4,0.00005,1020212237
1781383800818,buy,64277.4,0.00003,1020212236
1781383800818,buy,64277.2,0.00005,1020212235
1781383800818,buy,64277.2,0.00003,1020212234
1781383800818,buy,64277.2,0.00003,1020212233
1781383800818,buy,64277,0.00005,1020212232
1781383800818,buy,64277,0.00003,1020212231
1781383800818,buy,64276.9,0.00003,1020212230
1781383800818,buy,64276.8,0.00005,1020212229
1781383800818,buy,64276.8,0.00003,1020212228
1781383800818,buy,64276.6,0.00005,1020212227
1781383800818,buy,64276.6,0.00003,1020212226
1781383800818,buy,64276.5,0.00003,1020212225
1781383800818,buy,64276.5,0.00008,1020212224
1781383800818,buy,64276.4,0.00008,1020212223
1781383800818,buy,64276.3,0.00005,1020212222
1781383800818,buy,64276.3,0.00003,1020212221
1781383800818,buy,64276.2,0.00003,1020212220
1781383800818,buy,64276.1,0.00005,1020212219
1781383800818,buy,64276.1,0.00003,1020212218
1781383800818,buy,64276.1,0.00003,1020212217
1781383800818,buy,64276,0.00002,1020212216
1781383800818,buy,64276,0.00002,1020212215
1781383800818,buy,64275.9,0.00003,1020212214
1781383800818,buy,64275.9,0.00005,1020212213
1781383800818,buy,64275.9,0.00003,1020212212
1781383800818,buy,64275.9,0.00003,1020212211
1781383800818,buy,64275.7,0.00001,1020212210
1781383800818,buy,64275.6,0.00003,1020212209
1781383800818,buy,64275.6,0.00003,1020212208
1781383800818,buy,64275.6,0.0002999,1020212207
1781383882141,sell,64284.1,0.00001563,1020212403
1781383882138,sell,64286.8,0.00001588,1020212402
1781383882138,sell,64288,0.12132476,1020212401
1781383882138,sell,64288,0.00027117,1020212400
1781383881343,buy,64288.1,0.0000126,1020212399
1781383878043,sell,64288,0.00015326,1020212398
1781383877942,buy,64288.1,0.00001345,1020212397
1781383875746,sell,64288,0.00030084,1020212396
1781383874742,buy,64288.1,0.00001241,1020212395
1781383873322,sell,64288,0.26900862,1020212394
1781383873322,sell,64288,0.01960577,1020212393
1781383873322,sell,64288,0.00905632,1020212392
1781383871443,buy,64288.1,0.00001317,1020212391
1781383871063,buy,64288.1,0.26167969,1020212390
1781383871063,buy,64288.1,0.03612503,1020212389
1781383868987,sell,64288,0.29793968,1020212388
1781383868543,buy,64288.1,0.00001141,1020212387
1781383866942,buy,64288.1,0.00038887,1020212386
1781383866148,buy,64288.1,0.16190235,1020212385
1781383866148,buy,64288.1,0.13617147,1020212384
1781383863542,buy,64288.1,0.00001979,1020212383
1781383863116,sell,64288,0.14745706,1020212382
1781383863116,sell,64288,0.014,1020212381
1781383863116,sell,64288,0.13675161,1020212380
1781383862358,sell,64288,0.00024239,1020212379
1781383862087,sell,64288,0.01290109,1020212378
1781383862086,buy,64288.1,0.01060071,1020212377
1781383861406,buy,64288.1,0.29834292,1020212376
1781383861338,buy,64288.1,0.00041661,1020212375
1781383861184,sell,64288,0.00034294,1020212374
1781383859442,buy,64288.1,0.00001612,1020212373
1781383858665,sell,64288,0.22816784,1020212372
1781383858665,sell,64288,0.0703098,1020212371
1781383856522,buy,64288.1,0.00447855,1020212370
1781383856522,buy,64288.1,0.1,1020212369
1781383856522,buy,64288.1,0.0231,1020212368
1781383856522,buy,64288.1,0.0012,1020212367
1781383856522,buy,64288.1,0.0011,1020212366
1781383856522,buy,64288.1,0.16873347,1020212365
1781383855623,buy,64288.1,0.00124948,1020212364
1781383855143,buy,64288.1,0.00001705,1020212363
1781383854417,sell,64288,0.29874664,1020212362
1781383852947,sell,64288,0.00007776,1020212361
1781383852947,sell,64288,0.00000001,1020212360
1781383852280,buy,64288.1,0.1985003,1020212359
1781383852280,buy,64288.1,0.1,1020212358
1781383852280,buy,64288.1,0.00038083,1020212357
1781383851842,buy,64288.1,0.00001316,1020212356
1781383851717,buy,64287.4,0.00019,1020212355
1781383851717,buy,64287,0.00030224,1020212354
1781383848742,buy,64282,0.00001224,1020212353
1781383846094,buy,64282,0.00062218,1020212352
1781383845642,buy,64282,0.00001235,1020212351
1781383842742,buy,64280.2,0.00001154,1020212350
1781383842407,buy,64280.2,0.00154643,1020212349
1781383841013,sell,64280.1,0.001089,1020212348
1781383841013,sell,64280.1,0.000803,1020212347
1781383841013,sell,64281.2,0.00001563,1020212346
1781383840987,sell,64281.9,0.001088,1020212345
1781383840987,sell,64281.9,0.00000001,1020212344
1781383840987,sell,64282,0.0005,1020212343
1781383840987,sell,64283.5,0.00039399,1020212342
1781383840142,buy,64287,0.00001018,1020212341
1781383840136,sell,64286.9,0.28302227,1020212340
1781383840136,sell,64286.9,0.016,1020212339
1781383840136,sell,64286.9,0.00000001,1020212338
1781383838186,buy,64287,0.0279569,1020212337
1781383838186,buy,64287,0.1,1020212336
1781383838186,buy,64287,0.0012,1020212335
1781383838186,buy,64287,0.17,1020212334
1781383835778,buy,64286.8,0.00001563,1020212333
1781383835778,buy,64286.6,0.00002,1020212332
1781383835778,buy,64285.7,0.00001,1020212331
1781383835778,buy,64285.3,0.00006,1020212330
1781383835778,buy,64284.6,0.00001,1020212329
1781383835778,buy,64284,0.00001564,1020212328
1781383835778,buy,64283.8,0.00001,1020212327
1781383835778,buy,64282.4,0.00002,1020212326
1781383835778,buy,64282.1,0.0038895,1020212325
1781383835778,buy,64282,0.0005,1020212324
1781383835778,buy,64281.7,0.0012,1020212323
1781383835764,buy,64281.7,0.00605676,1020212322
1781383835762,buy,64281.7,0.00605676,1020212321
1781383835542,buy,64281.7,0.00001799,1020212320
1781383835248,buy,64281.2,0.03921859,1020212319
1781383835248,buy,64281.1,0.00001564,1020212318
1781383835248,buy,64280.3,0.0000984,1020212317
1781383835248,buy,64278.2,0.00050965,1020212316
1781383835248,buy,64275.7,0.0005,1020212315
1781383835248,buy,64275.7,0.0005,1020212314
1781383835248,buy,64275.5,0.02,1020212313
1781383833106,buy,64274.9,0.00039399,1020212312
1781383833106,buy,64271.7,0.00638,1020212311
1781383830742,buy,64271.7,0.00001917,1020212310
1781383829403,buy,64271.7,0.00003111,1020212309
1781383829399,sell,64271.6,0.00008247,1020212308
1781383829357,buy,64271.7,0.00003111,1020212307
1781383937399,sell,64259.1,0.00051383,1020212522
1781383936659,buy,64259.2,0.00030968,1020212521
1781383934844,buy,64259.2,0.00001989,1020212520
1781383934399,sell,64259.1,0.00031904,1020212519
1781383933092,buy,64259.2,0.000217,1020212518
1781383933092,buy,64259.2,0.00000001,1020212517
1781383933092,buy,64259.2,0.00001,1020212516
1781383933088,buy,64258.5,0.00001564,1020212515
1781383933088,buy,64258,0.0005,1020212514
1781383933088,buy,64257.7,0.03925298,1020212513
1781383933088,buy,64255.7,0.00001564,1020212512
1781383933088,buy,64254.5,0.00018652,1020212511
1781383933088,buy,64252.8,0.00007319,1020212510
1781383933088,buy,64252.4,0.051365,1020212509
1781383931542,sell,64250.6,0.00016725,1020212508
1781383931399,sell,64250.6,0.00050341,1020212507
1781383930743,buy,64250.7,0.00001623,1020212506
1781383929674,buy,64250.7,0.00002736,1020212505
1781383929674,buy,64250.7,0.00002736,1020212504
1781383929674,buy,64250.7,0.00002736,1020212503
1781383929674,buy,64250.7,0.00002736,1020212502
1781383929674,buy,64250.7,0.00002736,1020212501
1781383929674,buy,64250.7,0.00002735,1020212500
1781383929674,buy,64250.7,0.00000001,1020212499
1781383927643,sell,64250.6,0.00003514,1020212498
1781383927118,sell,64250.6,0.00157462,1020212497
1781383926801,sell,64250.6,0.00031103,1020212496
1781383926397,sell,64250.8,0.00029999,1020212495
1781383926243,buy,64252.3,0.00001779,1020212494
1781383926243,buy,64252.3,0.00000001,1020212493
1781383926240,sell,64252.8,0.00002,1020212492
1781383926236,sell,64253.1,0.00002,1020212491
1781383926236,sell,64253.3,0.00002,1020212490
1781383925996,sell,64254.4,0.000217,1020212489
1781383925994,sell,64254.4,0.00001565,1020212488
1781383925994,sell,64254.7,0.00002,1020212487
1781383925994,sell,64255,0.00002,1020212486
1781383925994,sell,64255.3,0.00002,1020212485
1781383925994,sell,64255.9,0.0016823,1020212484
1781383925985,sell,64257.8,0.00002,1020212483
1781383925940,sell,64258,0.00002001,1020212482
1781383925939,sell,64258,0.000197,1020212481
1781383925939,sell,64258.3,0.00002,1020212480
1781383925917,sell,64259.4,0.00026585,1020212479
1781383925917,sell,64259.4,0.00046015,1020212478
1781383925915,sell,64260,0.00002,1020212477
1781383925915,sell,64260.7,0.00001501,1020212476
1781383925911,sell,64261.4,0.0000984,1020212475
1781383925400,sell,64261.4,0.00006391,1020212474
1781383922943,buy,64261.5,0.00001298,1020212473
1781383922107,sell,64261.4,0.00041144,1020212472
1781383921792,sell,64261.2,0.00000001,1020212471
1781383921792,sell,64261.4,0.00001564,1020212470
1781383921788,sell,64262.7,0.00002,1020212469
1781383921788,sell,64263.3,0.00039399,1020212468
1781383921788,sell,64263.9,0.01556479,1020212467
1781383921788,sell,64264.2,0.00039399,1020212466
1781383921788,sell,64264.3,0.00001564,1020212465
1781383921788,sell,64265.5,0.00001365,1020212464
1781383921788,sell,64265.9,0.00002,1020212463
1781383921788,sell,64266,0.00002,1020212462
1781383921788,sell,64266.6,0.00002,1020212461
1781383921788,sell,64267.2,0.17,1020212460
1781383921788,sell,64267.2,0.01556479,1020212459
1781383921621,sell,64267.8,0.0000141,1020212458
1781383919443,buy,64268,0.00001369,1020212457
1781383919399,sell,64267.9,0.00030475,1020212456
1781383916242,buy,64268,0.00001265,1020212455
1781383914083,buy,64268,0.00002411,1020212454
1781383913987,sell,64267.9,0.07502122,1020212453
1781383913987,sell,64268.7,0.0012,1020212452
1781383913987,sell,64268.7,0.17,1020212451
1781383913987,sell,64268.7,0.051,1020212450
1781383913980,buy,64268.8,0.00446,1020212449
1781383913043,buy,64268.8,0.00001263,1020212448
1781383912661,buy,64268.8,0.00089402,1020212447
1781383911875,sell,64269.2,0.00066916,1020212446
1781383911741,buy,64269.3,0.29735503,1020212445
1781383911668,sell,64269.9,0.00001564,1020212444
1781383911668,sell,64271.8,0.00003,1020212443
1781383911668,sell,64272.8,0.00001564,1020212442
1781383911668,sell,64273.6,0.00001453,1020212441
1781383911668,sell,64274.7,0.03284088,1020212440
1781383911668,sell,64274.7,0.01556649,1020212439
1781383911554,sell,64278.4,0.00001563,1020212438
1781383911552,sell,64279.5,0.04009716,1020212437
1781383911552,sell,64279.5,0.0022068,1020212436
1781383911539,sell,64283.3,0.00001503,1020212435
1781383911537,sell,64284,0.14787398,1020212434
1781383911537,sell,64284,0.02871264,1020212433
1781383911537,sell,64284,0.02083713,1020212432
1781383911496,sell,64284,0.01441704,1020212431
1781383911494,sell,64284,0.04767099,1020212430
1781383909842,buy,64284.1,0.00001252,1020212429
1781383909821,buy,64284.1,0.00077468,1020212428
1781383906350,sell,64284,0.01944757,1020212427
1781383904843,buy,64284.1,0.00001995,1020212426
1781383903419,sell,64284,0.0030297,1020212425
1781383900941,sell,64284,0.24997141,1020212424
1781383900941,sell,64284,0.036,1020212423
1781383994399,sell,64265.4,0.00014469,1020212644
1781383994143,buy,64265.5,0.00001785,1020212643
1781383992669,buy,64265.5,0.00018245,1020212642
1781383990842,buy,64265.5,0.00001302,1020212641
1781383988399,sell,64265.4,0.00014155,1020212640
1781383987803,buy,64265.5,0.00046681,1020212639
1781383987743,buy,64265.5,0.00001212,1020212638
1781383984643,buy,64265.5,0.00001221,1020212637
1781383984624,sell,64265.4,0.08021554,1020212636
1781383984624,sell,64265.4,0.136994,1020212635
1781383984624,sell,64265.4,0.07845213,1020212634
1781383982908,buy,64265.5,0.00008116,1020212633
1781383982908,buy,64265.5,0.00008116,1020212632
1781383982908,buy,64265.5,0.00008116,1020212631
1781383982908,buy,64265.5,0.00008116,1020212630
1781383982908,buy,64265.5,0.00008116,1020212629
1781383982908,buy,64265.5,0.00008116,1020212628
1781383982908,buy,64265.5,0.00008116,1020212627
1781383982908,buy,64265.5,0.00008116,1020212626
1781383982908,buy,64265.5,0.00008116,1020212625
1781383982908,buy,64265.5,0.00008116,1020212624
1781383982908,buy,64265.5,0.00008116,1020212623
1781383982908,buy,64265.5,0.00008116,1020212622
1781383982908,buy,64265.5,0.00008116,1020212621
1781383982908,buy,64265.5,0.00008116,1020212620
1781383982908,buy,64265.5,0.00008116,1020212619
1781383982908,buy,64265.5,0.00008116,1020212618
1781383982908,buy,64265.5,0.00008116,1020212617
1781383982908,buy,64265.5,0.00008116,1020212616
1781383982908,buy,64265.5,0.00008116,1020212615
1781383982908,buy,64265.5,0.00008116,1020212614
1781383982908,buy,64265.5,0.00008116,1020212613
1781383982908,buy,64265.5,0.00008116,1020212612
1781383982908,buy,64265.5,0.00008116,1020212611
1781383982908,buy,64265.5,0.00008116,1020212610
1781383982908,buy,64265.5,0.00008116,1020212609
1781383982908,buy,64265.5,0.00008116,1020212608
1781383982753,buy,64265.5,0.12460615,1020212607
1781383982753,buy,64265.5,0.17,1020212606
1781383982753,buy,64265.5,0.00118863,1020212605
1781383982399,sell,64265.4,0.0000595,1020212604
1781383981743,buy,64265.5,0.00001137,1020212603
1781383980528,sell,64265.4,0.29587725,1020212602
1781383980528,sell,64265.4,0.000051,1020212601
1781383980528,sell,64265.4,0.00000001,1020212600
1781383980256,buy,64264.6,0.00039399,1020212599
1781383980256,buy,64263,0.0011,1020212598
1781383980131,buy,64263,0.007733,1020212597
1781383979399,sell,64262.9,0.00023113,1020212596
1781383979143,buy,64263,0.00001003,1020212595
1781383978805,sell,64262.9,0.013662,1020212594
1781383978562,buy,64263,0.15906749,1020212593
1781383978562,buy,64263,0.136994,1020212592
1781383978283,sell,64264,0.00003,1020212591
1781383977185,buy,64265.6,0.00174121,1020212590
1781383976842,sell,64265.5,0.00046692,1020212589
1781383974899,sell,64265.5,0.13963263,1020212588
1781383974899,sell,64265.5,0.15655118,1020212587
1781383974833,sell,64265.5,0.00033838,1020212586
1781383974643,buy,64265.6,0.00001775,1020212585
1781383972966,buy,64265.6,0.29631715,1020212584
1781383972214,buy,64265.6,0.00164959,1020212583
1781383969642,buy,64265.6,0.00001977,1020212582
1781383969180,sell,64265.5,0.01311044,1020212581
1781383969180,sell,64265.5,0.0012,1020212580
1781383969180,sell,64265.5,0.28214089,1020212579
1781383966955,buy,64265.6,0.1266009,1020212578
1781383966955,buy,64265.6,0.16998389,1020212577
1781383965543,buy,64265.6,0.00001611,1020212576
1781383965045,sell,64265.5,0.09137467,1020212575
1781383965045,sell,64265.5,0.00001001,1020212574
1781383965045,sell,64265.5,0.051,1020212573
1781383965045,sell,64265.5,0.15433404,1020212572
1781383964399,sell,64265.5,0.00008944,1020212571
1781383963639,sell,64265.5,0.00118452,1020212570
1781383963105,buy,64265.2,0.00001,1020212569
1781383963101,buy,64263.9,0.12495609,1020212568
1781383963101,buy,64263.7,0.00001501,1020212567
1781383963101,buy,64263.2,0.00001,1020212566
1781383963101,buy,64261.3,0.00001564,1020212565
1781383963101,buy,64260.8,0.00002,1020212564
1781383963101,buy,64260.8,0.00001,1020212563
1781383963101,buy,64260,0.00045,1020212562
1781383963101,buy,64259.9,0.17,1020212561
1781383963101,buy,64259.9,0.00027557,1020212560
1781383963101,buy,64259.9,0.0011,1020212559
1781383962413,buy,64259.9,0.000726,1020212558
1781383962413,buy,64259.9,0.00045001,1020212557
1781383962411,buy,64259.8,0.00039399,1020212556
1781383962411,buy,64256.4,0.00041043,1020212555
1781383961243,buy,64256.4,0.0000171,1020212554
1781383961155,sell,64256.3,0.29701023,1020212553
1781383958983,buy,64256.4,0.12685656,1020212552
1781383958983,buy,64256.4,0.0012,1020212551
1781383958983,buy,64256.4,0.16908738,1020212550
1781383957944,buy,64256.4,0.00001317,1020212549
1781383957911,buy,64256.4,0.0002648,1020212548
1781383955667,buy,64256.4,0.00062237,1020212547
1781383955399,sell,64256.3,0.0001398,1020212546
1781383954843,buy,64256.4,0.00001228,1020212545
